case;GroundTruth_bin;GroundTruth_src;GroundTruth_message;roseau_bin;roseau_src;correct_roseau_bin;correct_roseau_src;roseau_message;japicmp_bin;japicmp_src;correct_japicmp_bin;correct_japicmp_src;japicmp_message;revapi_bin;revapi_src;correct_revapi_bin;correct_revapi_src;revapi_message
exceptionClazzMethodThrowUncheckedSpecialization;false;false;;false;false;true;true;;false;false;true;true;;false;false;true;true;Method no longer throws runtime exceptions, Method newly throws runtime exceptions
exceptionClazzMethodThrowCheckedAdd;false;true;Compiler: compiler.err.unreported.exception.need.to.catch.or.throw;false;true;true;true;EXECUTABLE_NOW_THROWS_CHECKED_EXCEPTION;false;true;true;true;JApiCompatibilityChange{type=METHOD_NOW_THROWS_CHECKED_EXCEPTION};false;true;true;true;Method newly throws checked exceptions
exceptionClazzMethodCatchBlockAdd;false;false;;false;false;true;true;;false;false;true;true;;false;false;true;true;
exceptionClazzMethodThrowCheckedToTryCatch;false;true;Compiler: compiler.err.except.never.thrown.in.try;false;true;true;true;EXECUTABLE_NO_LONGER_THROWS_CHECKED_EXCEPTION;false;true;true;true;JApiCompatibilityChange{type=METHOD_NO_LONGER_THROWS_CHECKED_EXCEPTION};false;true;true;true;Method no longer throws checked exceptions
dataTypeClazzMethodParamBoxing;true;false;Linker: Exception in thread "main" java.lang.NoSuchMethodError: 'void testing_lib.dataTypeClazzMethodParamBoxing.DataTypeClazzMethodParamBoxing.method1(int)';true;true;true;false;EXECUTABLE_REMOVED;true;true;true;false;JApiCompatibilityChange{type=METHOD_REMOVED}, JApiCompatibilityChange{type=METHOD_ADDED_TO_PUBLIC_CLASS};true;true;true;false;parameter type changed
dataTypeClazzFieldNarrowing;true;false;Linker: Exception in thread "main" java.lang.NoSuchFieldError: Class testing_lib.dataTypeClazzFieldNarrowing.DataTypeClazzFieldNarrowing does not have member field 'double field1';true;true;true;false;FIELD_TYPE_ERASURE_CHANGED, FIELD_TYPE_CHANGED_INCOMPATIBLE;true;true;true;false;JApiCompatibilityChange{type=FIELD_TYPE_CHANGED};true;true;true;false;field type changed
exceptionClazzMethodTryCatchToThrowChecked;false;true;Compiler: compiler.err.unreported.exception.need.to.catch.or.throw;false;true;true;true;EXECUTABLE_NOW_THROWS_CHECKED_EXCEPTION;false;true;true;true;JApiCompatibilityChange{type=METHOD_NOW_THROWS_CHECKED_EXCEPTION};false;true;true;true;Method newly throws checked exceptions
exceptionClazzMethodThrowCheckedDelete;false;true;Compiler: compiler.err.except.never.thrown.in.try;false;true;true;true;EXECUTABLE_NO_LONGER_THROWS_CHECKED_EXCEPTION;false;true;true;true;JApiCompatibilityChange{type=METHOD_NO_LONGER_THROWS_CHECKED_EXCEPTION};false;true;true;true;Method no longer throws checked exceptions
exceptionClazzMethodCatchBlockDelete;false;false;;false;false;true;true;;false;false;true;true;;false;false;true;true;
exceptionClazzMethodThrowUncheckedAdd;false;false;;false;false;true;true;;false;false;true;true;;false;false;true;true;Method newly throws runtime exceptions
genericsWildcardsClazzConstructorParamLowerBoundsMutation;false;true;Compiler: compiler.err.prob.found.req;false;true;true;true;EXECUTABLE_PARAMETER_GENERICS_CHANGED;false;false;true;false;;false;true;true;true;type parameter of method parameter changed
dataTypeClazzMethodParamGeneralization;true;false;Linker: Exception in thread "main" java.lang.NoSuchMethodError: 'void testing_lib.dataTypeClazzMethodParamGeneralization.DataTypeClazzMethodParamGeneralization.method1(java.lang.Integer)';true;true;true;false;EXECUTABLE_REMOVED;true;true;true;false;JApiCompatibilityChange{type=METHOD_REMOVED}, JApiCompatibilityChange{type=METHOD_ADDED_TO_PUBLIC_CLASS};true;true;true;false;parameter type changed
dataTypeClazzFieldSpecialization;true;false;Linker: Exception in thread "main" java.lang.NoSuchFieldError: Class testing_lib.dataTypeClazzFieldSpecialization.DataTypeClazzFieldSpecialization does not have member field 'java.lang.Number field1';true;true;true;false;FIELD_TYPE_ERASURE_CHANGED, FIELD_TYPE_CHANGED_INCOMPATIBLE;true;true;true;false;JApiCompatibilityChange{type=FIELD_TYPE_CHANGED};true;true;true;false;field type changed
exceptionClazzMethodThrowCheckedGeneralization;false;true;Compiler: compiler.err.unreported.exception.need.to.catch.or.throw;false;true;true;true;EXECUTABLE_NOW_THROWS_CHECKED_EXCEPTION;false;true;true;true;JApiCompatibilityChange{type=METHOD_NO_LONGER_THROWS_CHECKED_EXCEPTION}, JApiCompatibilityChange{type=METHOD_NOW_THROWS_CHECKED_EXCEPTION};false;true;true;true;Method newly throws checked exceptions, Method no longer throws checked exceptions
exceptionIfazeMethodThrowCheckedAdd;false;true;Compiler: compiler.err.unreported.exception.need.to.catch.or.throw;false;true;true;true;EXECUTABLE_NOW_THROWS_CHECKED_EXCEPTION;false;true;true;true;JApiCompatibilityChange{type=METHOD_NOW_THROWS_CHECKED_EXCEPTION};false;true;true;true;Method newly throws checked exceptions
exceptionClazzMethodFinallyBlockAdd;false;false;;false;false;true;true;;false;false;true;true;;false;false;true;true;
exceptionClazzMethodThrowUncheckedDelete;false;false;;false;false;true;true;;false;false;true;true;;false;false;true;true;Method no longer throws runtime exceptions
genericsWildcardsClazzConstructorParamLowerBoundsSpecialization;false;false;;false;false;true;true;;false;false;true;true;;false;true;true;false;type parameter of method parameter changed
dataTypeClazzMethodParamMutation;true;true;Compiler: compiler.err.prob.found.reqLinker: Exception in thread "main" java.lang.NoSuchMethodError: 'void testing_lib.dataTypeClazzMethodParamMutation.DataTypeClazzMethodParamMutation.method1(java.lang.Integer)';true;true;true;true;EXECUTABLE_REMOVED;true;true;true;true;JApiCompatibilityChange{type=METHOD_REMOVED}, JApiCompatibilityChange{type=METHOD_ADDED_TO_PUBLIC_CLASS};true;true;true;true;parameter type changed
dataTypeClazzFieldUnboxing;true;false;Linker: Exception in thread "main" java.lang.NoSuchFieldError: Class testing_lib.dataTypeClazzFieldUnboxing.DataTypeClazzFieldUnboxing does not have member field 'java.lang.Integer field1';true;false;true;true;FIELD_TYPE_ERASURE_CHANGED;true;true;true;false;JApiCompatibilityChange{type=FIELD_TYPE_CHANGED};true;true;true;false;field type changed
exceptionIfazeMethodThrowCheckedDelete;false;true;Compiler: compiler.err.except.never.thrown.in.try;false;true;true;true;EXECUTABLE_NO_LONGER_THROWS_CHECKED_EXCEPTION;false;true;true;true;JApiCompatibilityChange{type=METHOD_NO_LONGER_THROWS_CHECKED_EXCEPTION};false;true;true;true;Method no longer throws checked exceptions
exceptionClazzMethodThrowCheckedMutation;false;true;Compiler: compiler.err.except.never.thrown.in.try;false;true;true;true;EXECUTABLE_NO_LONGER_THROWS_CHECKED_EXCEPTION;false;true;true;true;JApiCompatibilityChange{type=METHOD_NO_LONGER_THROWS_CHECKED_EXCEPTION};false;true;true;true;Method newly throws runtime exceptions, Method no longer throws checked exceptions
exceptionClazzMethodFinallyBlockDelete;false;false;;false;false;true;true;;false;false;true;true;;false;false;true;true;
exceptionClazzMethodThrowUncheckedGeneralization;false;false;;false;false;true;true;;false;false;true;true;;false;false;true;true;Method no longer throws runtime exceptions, Method newly throws runtime exceptions
dataTypeClazzMethodParamNarrowing;true;true;Compiler: compiler.err.prob.found.reqLinker: Exception in thread "main" java.lang.NoSuchMethodError: 'void testing_lib.dataTypeClazzMethodParamNarrowing.DataTypeClazzMethodParamNarrowing.method1(double)';true;true;true;true;EXECUTABLE_REMOVED;true;true;true;true;JApiCompatibilityChange{type=METHOD_REMOVED}, JApiCompatibilityChange{type=METHOD_ADDED_TO_PUBLIC_CLASS};true;true;true;true;parameter type changed
genericsWildcardsClazzConstructorParamLowerBoundsToUpperBounds;false;true;Compiler: compiler.err.prob.found.req;false;true;true;true;EXECUTABLE_PARAMETER_GENERICS_CHANGED;false;false;true;false;;false;true;true;true;type parameter of method parameter changed
dataTypeClazzFieldWidening;true;true;Compiler: compiler.err.prob.found.reqLinker: Exception in thread "main" java.lang.NoSuchFieldError: Class testing_lib.dataTypeClazzFieldWidening.DataTypeClazzFieldWidening does not have member field 'int field1';true;true;true;true;FIELD_TYPE_ERASURE_CHANGED, FIELD_TYPE_CHANGED_INCOMPATIBLE;true;true;true;true;JApiCompatibilityChange{type=FIELD_TYPE_CHANGED};true;true;true;true;field type changed
exceptionIfazeMethodThrowCheckedGeneralization;false;true;Compiler: compiler.err.unreported.exception.need.to.catch.or.throw;false;true;true;true;EXECUTABLE_NOW_THROWS_CHECKED_EXCEPTION;false;true;true;true;JApiCompatibilityChange{type=METHOD_NO_LONGER_THROWS_CHECKED_EXCEPTION}, JApiCompatibilityChange{type=METHOD_NOW_THROWS_CHECKED_EXCEPTION};false;true;true;true;Method newly throws checked exceptions, Method no longer throws checked exceptions
exceptionClazzMethodThrowCheckedSpecialization;false;true;Compiler: compiler.err.override.meth.doesnt.throw;false;true;true;true;EXECUTABLE_NO_LONGER_THROWS_CHECKED_EXCEPTION;false;true;true;true;JApiCompatibilityChange{type=METHOD_NO_LONGER_THROWS_CHECKED_EXCEPTION}, JApiCompatibilityChange{type=METHOD_NOW_THROWS_CHECKED_EXCEPTION};false;true;true;true;Method newly throws checked exceptions, Method no longer throws checked exceptions
exceptionClazzMethodThrowUncheckedMutation;false;true;Compiler: compiler.err.unreported.exception.need.to.catch.or.throw;false;true;true;true;EXECUTABLE_NOW_THROWS_CHECKED_EXCEPTION;false;true;true;true;JApiCompatibilityChange{type=METHOD_NOW_THROWS_CHECKED_EXCEPTION};false;true;true;true;Method no longer throws runtime exceptions, Method newly throws checked exceptions
genericsClazzConstructorTypeBoundsAddSecond;false;true;Compiler: compiler.err.cant.apply.symbol.noargs;false;true;true;true;FORMAL_TYPE_PARAMETER_CHANGED;false;false;true;false;;false;true;true;true;formal type parameter changed
dataTypeClazzMethodParamSpecialization;true;true;Compiler: compiler.err.prob.found.reqLinker: Exception in thread "main" java.lang.NoSuchMethodError: 'void testing_lib.dataTypeClazzMethodParamSpecialization.DataTypeClazzMethodParamSpecialization.method1(java.lang.Number)';true;true;true;true;EXECUTABLE_REMOVED;true;true;true;true;JApiCompatibilityChange{type=METHOD_REMOVED}, JApiCompatibilityChange{type=METHOD_ADDED_TO_PUBLIC_CLASS};true;true;true;true;parameter type changed
genericsWildcardsClazzConstructorParamUpperBoundsAdd;false;true;Compiler: compiler.err.prob.found.req;false;true;true;true;EXECUTABLE_PARAMETER_GENERICS_CHANGED;false;false;true;false;;false;true;true;true;type parameter of method parameter changed
genericsIfazeTypeBoundsAddSecond;false;true;Compiler: compiler.err.not.within.bounds;false;true;true;true;FORMAL_TYPE_PARAMETER_CHANGED;false;false;true;false;;false;true;true;true;formal type parameter changed
genericsIfazeMethodTypeBoundsDeleteSecond;false;true;Compiler: compiler.err.does.not.override.abstract, compiler.err.name.clash.same.erasure.no.override, compiler.err.method.does.not.override.superclass;false;true;true;true;FORMAL_TYPE_PARAMETER_CHANGED;false;false;true;false;;false;true;true;true;formal type parameter changed
genericsClazzConstructorTypeBoundsDeleteN;false;false;;false;false;true;true;;false;true;true;false;JApiCompatibilityChange{type=CLASS_GENERIC_TEMPLATE_CHANGED};false;true;true;false;formal type parameter changed
exceptionIfazeMethodThrowCheckedMutation;false;true;Compiler: compiler.err.except.never.thrown.in.try;false;true;true;true;EXECUTABLE_NO_LONGER_THROWS_CHECKED_EXCEPTION;false;true;true;true;JApiCompatibilityChange{type=METHOD_NO_LONGER_THROWS_CHECKED_EXCEPTION};false;true;true;true;Method newly throws runtime exceptions, Method no longer throws checked exceptions
dataTypeClazzMethodReturnTypeNarrowing;true;false;Linker: Exception in thread "main" java.lang.NoSuchMethodError: 'double testing_lib.dataTypeClazzMethodReturnTypeNarrowing.DataTypeClazzMethodReturnTypeNarrowing.method()';true;true;true;false;METHOD_RETURN_TYPE_ERASURE_CHANGED, METHOD_RETURN_TYPE_CHANGED_INCOMPATIBLE;true;true;true;false;JApiCompatibilityChange{type=METHOD_RETURN_TYPE_CHANGED};true;true;true;false;return type changed
genericsWildcardsClazzConstructorParamUpperBoundsDelete;false;false;;false;false;true;true;;false;false;true;true;;false;true;true;false;type parameter of method parameter changed
dataTypeClazzMethodParamUnboxing;true;false;Linker: Exception in thread "main" java.lang.NoSuchMethodError: 'void testing_lib.dataTypeClazzMethodParamUnboxing.DataTypeClazzMethodParamUnboxing.method1(java.lang.Integer)';true;true;true;false;EXECUTABLE_REMOVED;true;true;true;false;JApiCompatibilityChange{type=METHOD_REMOVED}, JApiCompatibilityChange{type=METHOD_ADDED_TO_PUBLIC_CLASS};true;true;true;false;parameter type changed
genericsWildcardsClazzConstructorParamAdd;false;false;;false;false;true;true;;false;false;true;true;;false;true;true;false;type parameter of method parameter changed
genericsIfazeTypeBoundsDeleteN;false;false;;false;false;true;true;;false;true;true;false;JApiCompatibilityChange{type=CLASS_GENERIC_TEMPLATE_CHANGED};false;true;true;false;formal type parameter changed
genericsClazzConstructorTypeBoundsDeleteSecond;false;false;;false;false;true;true;;false;false;true;true;;false;true;true;false;formal type parameter changed
genericsIfazeMethodTypeBoundsGeneralization;false;true;Compiler: compiler.err.does.not.override.abstract, compiler.err.name.clash.same.erasure.no.override, compiler.err.method.does.not.override.superclass;false;true;true;true;FORMAL_TYPE_PARAMETER_CHANGED;false;true;true;true;JApiCompatibilityChange{type=CLASS_GENERIC_TEMPLATE_CHANGED};false;true;true;true;formal type parameter changed
exceptionIfazeMethodThrowCheckedSpecialization;false;true;Compiler: compiler.err.override.meth.doesnt.throw;false;true;true;true;EXECUTABLE_NO_LONGER_THROWS_CHECKED_EXCEPTION;false;true;true;true;JApiCompatibilityChange{type=METHOD_NO_LONGER_THROWS_CHECKED_EXCEPTION}, JApiCompatibilityChange{type=METHOD_NOW_THROWS_CHECKED_EXCEPTION};false;true;true;true;Method newly throws checked exceptions, Method no longer throws checked exceptions
dataTypeClazzMethodReturnTypeSpecialization;true;false;Linker: Exception in thread "main" java.lang.NoSuchMethodError: 'java.lang.Number testing_lib.dataTypeClazzMethodReturnTypeSpecialization.DataTypeClazzMethodReturnTypeSpecialization.method()';true;true;true;false;METHOD_RETURN_TYPE_ERASURE_CHANGED, METHOD_RETURN_TYPE_CHANGED_INCOMPATIBLE;true;true;true;false;JApiCompatibilityChange{type=METHOD_RETURN_TYPE_CHANGED};true;false;true;true;return type changed covariantly
dataTypeClazzMethodParamWidening;true;false;Linker: Exception in thread "main" java.lang.NoSuchMethodError: 'void testing_lib.dataTypeClazzMethodParamWidening.DataTypeClazzMethodParamWidening.method1(int)';true;true;true;false;EXECUTABLE_REMOVED;true;true;true;false;JApiCompatibilityChange{type=METHOD_REMOVED}, JApiCompatibilityChange{type=METHOD_ADDED_TO_PUBLIC_CLASS};true;true;true;false;parameter type changed
genericsIfazeTypeBoundsDeleteSecond;false;false;;false;false;true;true;;false;false;true;true;;false;true;true;false;formal type parameter changed
genericsIfazeMethodTypeBoundsMutation;false;true;Compiler: compiler.err.does.not.override.abstract, compiler.err.name.clash.same.erasure.no.override, compiler.err.method.does.not.override.superclass;false;true;true;true;FORMAL_TYPE_PARAMETER_CHANGED;false;true;true;true;JApiCompatibilityChange{type=CLASS_GENERIC_TEMPLATE_CHANGED};false;true;true;true;formal type parameter changed
genericsClazzConstructorTypeBoundsGeneralization;false;false;;false;false;true;true;;false;true;true;false;JApiCompatibilityChange{type=CLASS_GENERIC_TEMPLATE_CHANGED};false;true;true;false;formal type parameter changed
exceptionIfazeMethodThrowUncheckedAdd;false;false;;false;false;true;true;;false;false;true;true;;false;false;true;true;Method newly throws runtime exceptions
dataTypeClazzMethodReturnTypeUnboxing;true;false;Linker: Exception in thread "main" java.lang.NoSuchMethodError: 'java.lang.Integer testing_lib.dataTypeClazzMethodReturnTypeUnboxing.DataTypeClazzMethodReturnTypeUnboxing.method()';true;true;true;false;METHOD_RETURN_TYPE_ERASURE_CHANGED, METHOD_RETURN_TYPE_CHANGED_INCOMPATIBLE;true;true;true;false;JApiCompatibilityChange{type=METHOD_RETURN_TYPE_CHANGED};true;true;true;false;return type changed
dataTypeClazzMethodReturnTypeBoxing;true;false;Linker: Exception in thread "main" java.lang.NoSuchMethodError: 'int testing_lib.dataTypeClazzMethodReturnTypeBoxing.DataTypeClazzMethodReturnTypeBoxing.method()';true;true;true;false;METHOD_RETURN_TYPE_ERASURE_CHANGED, METHOD_RETURN_TYPE_CHANGED_INCOMPATIBLE;true;true;true;false;JApiCompatibilityChange{type=METHOD_RETURN_TYPE_CHANGED};true;true;true;false;return type changed
genericsIfazeTypeBoundsGeneralization;false;false;;false;false;true;true;;false;true;true;false;JApiCompatibilityChange{type=CLASS_GENERIC_TEMPLATE_CHANGED};false;true;true;false;formal type parameter changed
genericsIfazeTypeBoundsMutation;false;true;Compiler: compiler.err.not.within.bounds;false;true;true;true;FORMAL_TYPE_PARAMETER_CHANGED;false;true;true;true;JApiCompatibilityChange{type=CLASS_GENERIC_TEMPLATE_CHANGED};false;true;true;true;formal type parameter changed
genericsIfazeMethodTypeBoundsSpecialization;false;true;Compiler: compiler.err.does.not.override.abstract, compiler.err.name.clash.same.erasure.no.override, compiler.err.method.does.not.override.superclass;false;true;true;true;FORMAL_TYPE_PARAMETER_CHANGED;false;true;true;true;JApiCompatibilityChange{type=CLASS_GENERIC_TEMPLATE_CHANGED};false;true;true;true;formal type parameter changed
exceptionIfazeMethodThrowUncheckedDelete;false;false;;false;false;true;true;;false;false;true;true;;false;false;true;true;Method no longer throws runtime exceptions
genericsClazzConstructorTypeBoundsMutation;false;true;Compiler: compiler.err.cant.apply.symbol.noargs;false;true;true;true;FORMAL_TYPE_PARAMETER_CHANGED;false;true;true;true;JApiCompatibilityChange{type=CLASS_GENERIC_TEMPLATE_CHANGED};false;true;true;true;formal type parameter changed
genericsClazzConstructorTypeBoundsSpecialization;false;true;Compiler: compiler.err.cant.apply.symbol.noargs;false;true;true;true;FORMAL_TYPE_PARAMETER_CHANGED;false;true;true;true;JApiCompatibilityChange{type=CLASS_GENERIC_TEMPLATE_CHANGED};false;true;true;true;formal type parameter changed
dataTypeClazzMethodReturnTypeWidening;true;true;Compiler: compiler.err.prob.found.reqLinker: Exception in thread "main" java.lang.NoSuchMethodError: 'int testing_lib.dataTypeClazzMethodReturnTypeWidening.DataTypeClazzMethodReturnTypeWidening.method()';true;true;true;true;METHOD_RETURN_TYPE_ERASURE_CHANGED, METHOD_RETURN_TYPE_CHANGED_INCOMPATIBLE;true;true;true;true;JApiCompatibilityChange{type=METHOD_RETURN_TYPE_CHANGED};true;true;true;true;return type changed
dataTypeClazzMethodReturnTypeGeneralization;true;true;Compiler: compiler.err.prob.found.reqLinker: Exception in thread "main" java.lang.NoSuchMethodError: 'java.lang.Integer testing_lib.dataTypeClazzMethodReturnTypeGeneralization.DataTypeClazzMethodReturnTypeGeneralization.method()';true;true;true;true;METHOD_RETURN_TYPE_ERASURE_CHANGED, METHOD_RETURN_TYPE_CHANGED_INCOMPATIBLE;true;true;true;true;JApiCompatibilityChange{type=METHOD_RETURN_TYPE_CHANGED};true;true;true;true;return type changed
genericsClazzTypeBoundsSpecialization;false;true;Compiler: compiler.err.not.within.bounds, compiler.err.not.within.bounds;false;true;true;true;FORMAL_TYPE_PARAMETER_CHANGED;false;true;true;true;JApiCompatibilityChange{type=CLASS_GENERIC_TEMPLATE_CHANGED};false;true;true;true;formal type parameter changed
genericsIfazeTypeBoundsSpecialization;false;true;Compiler: compiler.err.not.within.bounds;false;true;true;true;FORMAL_TYPE_PARAMETER_CHANGED;false;true;true;true;JApiCompatibilityChange{type=CLASS_GENERIC_TEMPLATE_CHANGED};false;true;true;true;formal type parameter changed
genericsIfazeMethodTypeDeleteN;false;true;Compiler: compiler.err.does.not.override.abstract, compiler.err.name.clash.same.erasure.no.override, compiler.err.method.does.not.override.superclass;false;true;true;true;FORMAL_TYPE_PARAMETER_REMOVED;false;true;true;true;JApiCompatibilityChange{type=CLASS_GENERIC_TEMPLATE_CHANGED};false;true;true;true;formal type parameter removed
genericsIfazeMethodTypeDeleteSecond;false;true;Compiler: compiler.err.does.not.override.abstract, compiler.err.name.clash.same.erasure.no.override, compiler.err.method.does.not.override.superclass;false;true;true;true;FORMAL_TYPE_PARAMETER_REMOVED;false;true;true;true;JApiCompatibilityChange{type=CLASS_GENERIC_TEMPLATE_CHANGED};false;true;true;true;formal type parameter removed
genericsClazzConstructorTypeDeleteN;false;false;;false;false;true;true;;false;true;true;false;JApiCompatibilityChange{type=CLASS_GENERIC_TEMPLATE_CHANGED};false;true;true;false;formal type parameter removed
exceptionIfazeMethodThrowUncheckedGeneralization;false;false;;false;false;true;true;;false;false;true;true;;false;false;true;true;Method no longer throws runtime exceptions, Method newly throws runtime exceptions
exceptionIfazeMethodThrowUncheckedMutation;false;true;Compiler: compiler.err.unreported.exception.need.to.catch.or.throw;false;true;true;true;EXECUTABLE_NOW_THROWS_CHECKED_EXCEPTION;false;true;true;true;JApiCompatibilityChange{type=METHOD_NOW_THROWS_CHECKED_EXCEPTION};false;true;true;true;Method no longer throws runtime exceptions, Method newly throws checked exceptions
dataTypeIfazeConstantBoxing;false;false;;false;false;true;true;;false;false;true;true;;false;false;true;true;
accessModifierClazzNestedClazzAccessDecreasePublicToProtected;true;true;Compiler: compiler.err.report.accessLinker: Exception in thread "main" java.lang.IllegalAccessError: class accessModifierClazzNestedClazzAccessDecreasePublicToProtected.Main tried to access protected method 'void testing_lib.accessModifierClazzNestedClazzAccessDecreasePublicToProtected.AccessModifierClazzNestedClazzAccessDecreasePublicToProtected$Clazz.<init>(testing_lib.accessModifierClazzNestedClazzAccessDecreasePublicToProtected.AccessModifierClazzNestedClazzAccessDecreasePublicToProtected)' (accessModifierClazzNestedClazzAccessDecreasePublicToProtected.Main and testing_lib.accessModifierClazzNestedClazzAccessDecreasePublicToProtected.AccessModifierClazzNestedClazzAccessDecreasePublicToProtected$Clazz are in unnamed module of loader 'app');true;true;true;true;TYPE_NOW_PROTECTED, EXECUTABLE_NOW_PROTECTED;true;true;true;true;JApiCompatibilityChange{type=CONSTRUCTOR_LESS_ACCESSIBLE}, JApiCompatibilityChange{type=CLASS_NO_LONGER_PUBLIC}, JApiCompatibilityChange{type=CLASS_LESS_ACCESSIBLE};true;true;true;true;Public constructor of abstract class now protected, visibility reduced
genericsClazzTypeDeleteN;false;true;Compiler: compiler.err.type.doesnt.take.params, compiler.err.type.doesnt.take.params;false;true;true;true;FORMAL_TYPE_PARAMETER_REMOVED;false;true;true;true;JApiCompatibilityChange{type=CLASS_GENERIC_TEMPLATE_CHANGED};false;true;true;true;formal type parameter removed
dataTypeClazzMethodReturnTypeMutation;true;true;Compiler: compiler.err.prob.found.reqLinker: Exception in thread "main" java.lang.NoSuchMethodError: 'java.lang.Integer testing_lib.dataTypeClazzMethodReturnTypeMutation.DataTypeClazzMethodReturnTypeMutation.method()';true;true;true;true;METHOD_RETURN_TYPE_ERASURE_CHANGED, METHOD_RETURN_TYPE_CHANGED_INCOMPATIBLE;true;true;true;true;JApiCompatibilityChange{type=METHOD_RETURN_TYPE_CHANGED};true;true;true;true;return type changed
genericsIfazeTypeDeleteN;false;true;Compiler: compiler.err.type.doesnt.take.params;false;true;true;true;FORMAL_TYPE_PARAMETER_REMOVED;false;true;true;true;JApiCompatibilityChange{type=CLASS_GENERIC_TEMPLATE_CHANGED};false;true;true;true;formal type parameter removed
genericsIfazeMethodTypeSwap;false;false;;false;false;true;true;;false;false;true;true;;false;false;true;true;
genericsClazzTypeBoundsAddSecond;false;true;Compiler: compiler.err.not.within.bounds, compiler.err.not.within.bounds;false;true;true;true;FORMAL_TYPE_PARAMETER_CHANGED;false;false;true;false;;false;true;true;true;formal type parameter changed
exceptionIfazeMethodThrowUncheckedSpecialization;false;false;;false;false;true;true;;false;false;true;true;;false;false;true;true;Method no longer throws runtime exceptions, Method newly throws runtime exceptions
accessModifierClazzNestedClazzAccessDecreaseProtectedToNon;false;false;;true;true;false;false;TYPE_REMOVED;true;true;false;false;JApiCompatibilityChange{type=CONSTRUCTOR_LESS_ACCESSIBLE}, JApiCompatibilityChange{type=CLASS_LESS_ACCESSIBLE};true;true;false;false;visibility reduced, visibility reduced
genericsClazzConstructorTypeDeleteSecond;false;true;Compiler: compiler.err.cant.apply.symbol.noargs;false;true;true;true;FORMAL_TYPE_PARAMETER_REMOVED;false;true;true;true;JApiCompatibilityChange{type=CLASS_GENERIC_TEMPLATE_CHANGED};false;true;true;true;formal type parameter removed
accessModifierClazzNestedClazzAccessIncreaseNonToProtected;false;false;;false;false;true;true;;false;false;true;true;;false;true;true;false;visibility increased, visibility increased
genericsClazzTypeDeleteSecond;false;true;Compiler: compiler.err.wrong.number.type.args, compiler.err.wrong.number.type.args;false;true;true;true;FORMAL_TYPE_PARAMETER_REMOVED;false;true;true;true;JApiCompatibilityChange{type=CLASS_GENERIC_TEMPLATE_CHANGED};false;true;true;true;formal type parameter removed
genericsIfazeTypeDeleteSecond;false;true;Compiler: compiler.err.wrong.number.type.args;false;true;true;true;FORMAL_TYPE_PARAMETER_REMOVED;false;true;true;true;JApiCompatibilityChange{type=CLASS_GENERIC_TEMPLATE_CHANGED};false;true;true;true;formal type parameter removed
genericsIfazeTypeAddN;false;false;;false;false;true;true;;false;true;true;false;JApiCompatibilityChange{type=CLASS_GENERIC_TEMPLATE_CHANGED};false;true;true;false;element now parameterized, formal type parameter added
genericsClazzTypeBoundsDeleteN;false;false;;false;false;true;true;;false;true;true;false;JApiCompatibilityChange{type=CLASS_GENERIC_TEMPLATE_CHANGED};false;true;true;false;formal type parameter changed
genericsClazzConstructorTypeAddN;false;false;;false;false;true;true;;false;true;true;false;JApiCompatibilityChange{type=CLASS_GENERIC_TEMPLATE_CHANGED};false;true;true;false;element now parameterized, formal type parameter added
accessModifierClazzNestedClazzAccessDecreaseProtectedToPrivate;false;false;;true;true;false;false;TYPE_REMOVED;true;true;false;false;JApiCompatibilityChange{type=CONSTRUCTOR_LESS_ACCESSIBLE}, JApiCompatibilityChange{type=CLASS_NOW_NOT_EXTENDABLE}, JApiCompatibilityChange{type=CLASS_LESS_ACCESSIBLE};true;true;false;false;visibility reduced, visibility reduced
accessModifierClazzNestedClazzAccessIncreaseNonToPublic;false;false;;false;false;true;true;;false;false;true;true;;false;true;true;false;visibility increased, visibility increased
genericsClazzConstructorTypeSwap;false;false;;false;false;true;true;;false;false;true;true;;false;false;true;true;
genericsClazzTypeSwap;false;false;;false;false;true;true;;false;false;true;true;;false;false;true;true;
genericsIfazeMethodTypeAddN;false;false;;false;false;true;true;;false;true;true;false;JApiCompatibilityChange{type=CLASS_GENERIC_TEMPLATE_CHANGED};false;true;true;false;element now parameterized, formal type parameter added
genericsIfazeTypeSwap;false;false;;false;false;true;true;;false;false;true;true;;false;false;true;true;
genericsWildcardsClazzConstructorParamDelete;false;true;Compiler: compiler.err.prob.found.req;false;true;true;true;EXECUTABLE_PARAMETER_GENERICS_CHANGED;false;false;true;false;;false;true;true;true;type parameter of method parameter changed
genericsWildcardsClazzMethodParamDelete;false;true;Compiler: compiler.err.prob.found.req, compiler.err.name.clash.same.erasure.no.override, compiler.err.method.does.not.override.superclass;false;true;true;true;EXECUTABLE_PARAMETER_GENERICS_CHANGED;false;false;true;false;;false;true;true;true;type parameter of method parameter changed
genericsIfazeTypeAddSecond;false;true;Compiler: compiler.err.wrong.number.type.args;false;true;true;true;FORMAL_TYPE_PARAMETER_ADDED;false;true;true;true;JApiCompatibilityChange{type=CLASS_GENERIC_TEMPLATE_CHANGED};false;true;true;true;formal type parameter added
genericsClazzTypeBoundsDeleteSecond;false;false;;false;false;true;true;;false;false;true;true;;false;true;true;false;formal type parameter changed
genericsClazzConstructorTypeAddSecond;false;true;Compiler: compiler.err.cant.apply.symbol.noargs;false;true;true;true;FORMAL_TYPE_PARAMETER_ADDED;false;true;true;true;JApiCompatibilityChange{type=CLASS_GENERIC_TEMPLATE_CHANGED};false;true;true;true;formal type parameter added
genericsClazzMethodTypeAddN;false;false;;false;false;true;true;;false;true;true;false;JApiCompatibilityChange{type=CLASS_GENERIC_TEMPLATE_CHANGED};false;true;true;false;element now parameterized, formal type parameter added
accessModifierClazzNestedClazzAccessDecreasePublicToNon;true;true;Compiler: compiler.err.not.def.public.cant.accessLinker: Exception in thread "main" java.lang.IllegalAccessError: failed to access class testing_lib.accessModifierClazzNestedClazzAccessDecreasePublicToNon.AccessModifierClazzNestedClazzAccessDecreasePublicToNon$Clazz from class accessModifierClazzNestedClazzAccessDecreasePublicToNon.Main (testing_lib.accessModifierClazzNestedClazzAccessDecreasePublicToNon.AccessModifierClazzNestedClazzAccessDecreasePublicToNon$Clazz and accessModifierClazzNestedClazzAccessDecreasePublicToNon.Main are in unnamed module of loader 'app');true;true;true;true;TYPE_REMOVED;true;true;true;true;JApiCompatibilityChange{type=CONSTRUCTOR_LESS_ACCESSIBLE}, JApiCompatibilityChange{type=CLASS_NO_LONGER_PUBLIC}, JApiCompatibilityChange{type=CLASS_LESS_ACCESSIBLE};true;true;true;true;visibility reduced, visibility reduced
genericsWildcardsClazzConstructorParamUpperBoundsGeneralization;false;false;;false;false;true;true;;false;false;true;true;;false;true;true;false;type parameter of method parameter changed
accessModifierClazzNestedClazzAccessIncreasePrivateToNon;false;false;;false;false;true;true;;false;false;true;true;;false;false;true;true;
membersIfazeNestedIfazeDelete;true;true;Compiler: compiler.err.cant.resolve.location, compiler.err.cant.resolve, compiler.err.cant.resolve.locationLinker: Error: Could not find or load main class membersIfazeNestedIfazeDelete.Main;true;true;true;true;TYPE_REMOVED;true;true;true;true;JApiCompatibilityChange{type=SUPERCLASS_REMOVED}, JApiCompatibilityChange{type=CLASS_REMOVED};true;true;true;true;class removed
modifierFieldVolatileToNonVolatile;false;false;;false;false;true;true;;false;false;true;true;JApiCompatibilityChange{type=FIELD_NO_LONGER_VOLATILE};false;false;true;true;
modifierFieldNonFinalToFinal;true;true;Compiler: compiler.err.cant.assign.val.to.varLinker: 5;true;true;true;true;FIELD_NOW_FINAL;true;true;true;true;JApiCompatibilityChange{type=FIELD_NOW_FINAL};true;true;true;true;field now final
modifierFieldNonVolatileToVolatile;false;false;;false;false;true;true;;false;false;true;true;JApiCompatibilityChange{type=FIELD_NOW_VOLATILE};false;false;true;true;
modifierMethodNonStaticToStatic;true;false;Linker: Exception in thread "main" java.lang.IncompatibleClassChangeError: Expecting non-static method 'void testing_lib.modifierMethodNonStaticToStatic.ModifierMethodNonStaticToStatic.method1()';true;true;true;false;METHOD_NOW_STATIC, METHOD_OVERRIDABLE_NOW_STATIC;true;true;true;false;JApiCompatibilityChange{type=METHOD_NOW_STATIC};true;false;true;true;method now static
membersIfazeMethodParamAdd;true;true;Compiler: compiler.err.does.not.override.abstract, compiler.err.cant.apply.symbol, compiler.err.method.does.not.override.superclassLinker: Exception in thread "main" java.lang.NoSuchMethodError: 'void testing_lib.membersIfazeMethodParamAdd.MembersIfazeMethodParamAdd.method1()';true;true;true;true;TYPE_NEW_ABSTRACT_METHOD, EXECUTABLE_REMOVED;true;true;true;true;JApiCompatibilityChange{type=METHOD_REMOVED}, JApiCompatibilityChange{type=METHOD_ADDED_TO_INTERFACE};true;true;true;true;number of parameters changed
modifierClazzFinalToEffectivelyFinal;false;false;;false;false;true;true;;false;false;true;true;;false;false;true;true;class no longer final
modifierMethodNonStrictfpToStrictfp;false;false;;false;false;true;true;;false;false;true;true;;false;false;true;true;
modifierMethodAbstractToNonAbstract;false;false;;false;false;true;true;;false;false;true;true;;false;false;true;true;Method no longer abstract
modifierFieldNonStaticToStatic;true;false;Linker: Exception in thread "main" java.lang.IncompatibleClassChangeError: Expected non-static field testing_lib.modifierFieldNonStaticToStatic.ModifierFieldNonStaticToStatic.field1;true;false;true;true;FIELD_NOW_STATIC;true;true;true;false;JApiCompatibilityChange{type=FIELD_NOW_STATIC};true;false;true;true;field now static
modifierFieldStaticToNonStatic;true;true;Compiler: compiler.err.non-static.cant.be.refLinker: Exception in thread "main" java.lang.IncompatibleClassChangeError: Expected static field testing_lib.modifierFieldStaticToNonStatic.ModifierFieldStaticToNonStatic.field1;true;true;true;true;FIELD_NO_LONGER_STATIC;true;true;true;true;JApiCompatibilityChange{type=FIELD_NO_LONGER_STATIC};true;true;true;true;field no longer static
membersIfazeMethodParamDelete;true;true;Compiler: compiler.err.does.not.override.abstract, compiler.err.cant.apply.symbol, compiler.err.method.does.not.override.superclassLinker: Exception in thread "main" java.lang.NoSuchMethodError: 'void testing_lib.membersIfazeMethodParamDelete.MembersIfazeMethodParamDelete.method1(java.lang.Integer)';true;true;true;true;TYPE_NEW_ABSTRACT_METHOD, EXECUTABLE_REMOVED;true;true;true;true;JApiCompatibilityChange{type=METHOD_REMOVED}, JApiCompatibilityChange{type=METHOD_ADDED_TO_INTERFACE};true;true;true;true;number of parameters changed
modifierClazzAbstractToNonAbstract;false;false;;false;false;true;true;;false;false;true;true;;false;false;true;true;class no longer abstract
modifierClazzFinalToNonFinal;false;false;;false;false;true;true;;false;false;true;true;;false;false;true;true;class no longer final
modifierFieldNonTransientToTransient;false;false;;false;false;true;true;;false;false;true;true;JApiCompatibilityChange{type=FIELD_NOW_TRANSIENT};false;false;true;true;
modifierMethodFinalToNonFinal;false;false;;false;false;true;true;;false;false;true;true;;false;false;true;true;method no longer final
modifierMethodNonSynchronizedToSynchronized;false;false;;false;false;true;true;;false;false;true;true;;false;false;true;true;
modifierFieldTransientToNonTransient;false;false;;false;false;true;true;;false;false;true;true;JApiCompatibilityChange{type=FIELD_NO_LONGER_TRANSIENT};false;false;true;true;
modifierMethodStaticToNonStatic;true;true;Compiler: compiler.err.non-static.cant.be.refLinker: Exception in thread "main" java.lang.IncompatibleClassChangeError: Expected static method 'void testing_lib.modifierMethodStaticToNonStatic.ModifierMethodStaticToNonStatic.method1()';true;true;true;true;METHOD_NO_LONGER_STATIC;true;true;true;true;JApiCompatibilityChange{type=METHOD_NO_LONGER_STATIC};true;true;true;true;method no longer static
modifierClazzEffectivelyFinalToFinal;false;false;;false;false;true;true;;false;false;true;true;;true;true;false;false;class now final
membersIfazeNestedIfazeAdd;false;false;;false;false;true;true;;false;false;true;true;;false;false;true;true;class added
modifierClazzNonAbstractToAbstract;true;true;Compiler: compiler.err.abstract.cant.be.instantiatedLinker: Exception in thread "main" java.lang.InstantiationError: testing_lib.modifierClazzNonAbstractToAbstract.ModifierClazzNonAbstractToAbstract;true;true;true;true;CLASS_NOW_ABSTRACT;true;true;true;true;JApiCompatibilityChange{type=CLASS_NOW_ABSTRACT};true;true;true;true;class now abstract
modifierClazzNonFinalToFinal;true;true;Compiler: compiler.err.cant.inherit.from.finalLinker: Error: LinkageError occurred while loading main class modifierClazzNonFinalToFinal.Main;true;true;true;true;CLASS_NOW_FINAL;true;true;true;true;JApiCompatibilityChange{type=CLASS_NOW_NOT_EXTENDABLE};true;true;true;true;class now final
inheritanceClazzMethodMovedToSuperClass;false;false;;false;false;true;true;;false;false;true;true;JApiCompatibilityChange{type=METHOD_ADDED_TO_PUBLIC_CLASS};false;false;true;true;method added, method moved to superclass
modifierMethodStrictfpToNonStrictfp;false;false;;false;false;true;true;;false;false;true;true;;false;false;true;true;
modifierClazzStrictfpToNonStrictfp;false;false;;false;false;true;true;;false;false;true;true;;false;false;true;true;
inheritanceClazzContractSuperClassSet;true;true;Compiler: compiler.err.cant.resolve.location, compiler.err.cant.resolve.location, compiler.err.cant.resolve.locationLinker: Caused by: java.lang.NoClassDefFoundError: testing_lib/inheritanceClazzContractSuperClassSet/Clazz2;true;true;true;true;TYPE_REMOVED, EXECUTABLE_REMOVED, TYPE_SUPERTYPE_REMOVED;true;true;true;true;JApiCompatibilityChange{type=METHOD_REMOVED}, JApiCompatibilityChange{type=CONSTRUCTOR_REMOVED}, JApiCompatibilityChange{type=SUPERCLASS_REMOVED}, JApiCompatibilityChange{type=CLASS_REMOVED}, JApiCompatibilityChange{type=SUPERCLASS_REMOVED};true;true;true;true;class removed, removed super class
modifierMethodSynchronizedToNonSynchronized;false;false;;false;false;true;true;;false;false;true;true;;false;false;true;true;
inheritanceIfazeMethodMovedToSuperInterface;false;true;Compiler: compiler.err.does.not.override.abstract;false;true;true;true;TYPE_NEW_ABSTRACT_METHOD;false;true;true;true;JApiCompatibilityChange{type=METHOD_ADDED_TO_INTERFACE};false;true;true;true;method moved to superclass, method added to interface
modifierClazzNonStrictfpToStrictfp;false;false;;false;false;true;true;;false;false;true;true;;false;false;true;true;
inheritanceClazzMethodOverrideAdd;false;false;;false;false;true;true;;false;false;true;true;JApiCompatibilityChange{type=METHOD_ADDED_TO_PUBLIC_CLASS};false;false;true;true;inherited method moved to class
modifierFieldFinalToNonFinal;false;false;;false;false;true;true;;false;false;true;true;;false;false;true;true;field no longer final
inheritanceClazzExpandSuperClassSet;false;false;;false;false;true;true;;false;false;true;true;JApiCompatibilityChange{type=METHOD_ADDED_TO_PUBLIC_CLASS}, JApiCompatibilityChange{type=SUPERCLASS_ADDED};true;true;false;false;class added, new super class of non-final class
modifierNestedClazzNonStaticToStatic;true;true;Compiler: compiler.err.qualified.new.of.static.classLinker: Exception in thread "main" java.lang.NoSuchMethodError: 'void testing_lib.modifierNestedClazzNonStaticToStatic.ModifierNestedClazzNonStaticToStatic$NestedClazz.<init>(testing_lib.modifierNestedClazzNonStaticToStatic.ModifierNestedClazzNonStaticToStatic)';true;true;true;true;CLASS_NOW_STATIC;true;true;true;true;JApiCompatibilityChange{type=CONSTRUCTOR_REMOVED};false;false;false;false;
inheritanceIfazeStartInherite;false;true;Compiler: compiler.err.does.not.override.abstract;false;true;true;true;TYPE_NEW_ABSTRACT_METHOD;false;false;true;false;JApiCompatibilityChange{type=INTERFACE_ADDED};false;false;true;false;class implements interface
accessModifierClazzConstructorAccessDecreaseProtectedToNon;true;true;Compiler: compiler.err.not.def.public.cant.accessLinker: Exception in thread "main" java.lang.IllegalAccessError: class accessModifierClazzConstructorAccessDecreaseProtectedToNon.Main tried to access method 'void testing_lib.accessModifierClazzConstructorAccessDecreaseProtectedToNon.AccessModifierClazzConstructorAccessDecreaseProtectedToNon.<init>()' (accessModifierClazzConstructorAccessDecreaseProtectedToNon.Main and testing_lib.accessModifierClazzConstructorAccessDecreaseProtectedToNon.AccessModifierClazzConstructorAccessDecreaseProtectedToNon are in unnamed module of loader 'app');true;true;true;true;CLASS_NOW_ABSTRACT, CLASS_NOW_FINAL, EXECUTABLE_REMOVED;true;true;true;true;JApiCompatibilityChange{type=CONSTRUCTOR_LESS_ACCESSIBLE};true;true;true;true;visibility reduced
inheritanceClazzMethodOverrideDelete;false;false;;false;false;true;true;;false;false;true;true;;false;false;true;true;method moved to superclass
accessModifierClazzAccessDecrease;true;true;Compiler: compiler.err.not.def.public.cant.access, compiler.err.not.def.public.cant.access, compiler.err.not.def.public.cant.accessLinker: Exception in thread "main" java.lang.IllegalAccessError: failed to access class testing_lib.accessModifierClazzAccessDecrease.AccessModifierClazzAccessDecrease from class accessModifierClazzAccessDecrease.Main (testing_lib.accessModifierClazzAccessDecrease.AccessModifierClazzAccessDecrease and accessModifierClazzAccessDecrease.Main are in unnamed module of loader 'app');true;true;true;true;TYPE_REMOVED;true;true;true;true;JApiCompatibilityChange{type=CONSTRUCTOR_LESS_ACCESSIBLE}, JApiCompatibilityChange{type=CLASS_NO_LONGER_PUBLIC}, JApiCompatibilityChange{type=CLASS_LESS_ACCESSIBLE};true;true;true;true;class removed
otherClazzToIfaze;true;true;Compiler: compiler.err.abstract.cant.be.instantiatedLinker: Exception in thread "main" java.lang.InstantiationError: testing_lib.otherClazzToIfaze.ClazzToIfaze;true;true;true;true;TYPE_KIND_CHANGED;true;true;true;true;JApiCompatibilityChange{type=CONSTRUCTOR_REMOVED}, JApiCompatibilityChange{type=CLASS_NOW_ABSTRACT}, JApiCompatibilityChange{type=CLASS_TYPE_CHANGED};true;true;true;true;method removed, class kind changed, class now abstract
inheritanceClazzMethodMovedFromSuperClass;true;true;Compiler: compiler.err.cant.resolve.location.argsLinker: Exception in thread "main" java.lang.NoSuchMethodError: 'void testing_lib.inheritanceClazzMethodMovedFromSuperClass.Clazz1.method1()';true;true;true;true;EXECUTABLE_REMOVED;true;true;true;true;JApiCompatibilityChange{type=METHOD_REMOVED}, JApiCompatibilityChange{type=METHOD_ADDED_TO_PUBLIC_CLASS};true;true;true;true;method removed, inherited method moved to class
modifierNestedClazzStaticToNonStatic;true;true;Compiler: compiler.err.encl.class.requiredLinker: Exception in thread "main" java.lang.NoSuchMethodError: testing_lib.modifierNestedClazzStaticToNonStatic.ModifierNestedClazzStaticToNonStatic$NestedClazz: method 'void <init>()' not found;true;true;true;true;CLASS_NO_LONGER_STATIC;true;true;true;true;JApiCompatibilityChange{type=CONSTRUCTOR_REMOVED};false;false;false;false;
otherIfazeDelete;true;true;Compiler: compiler.err.doesnt.exist, compiler.err.cant.resolve, compiler.err.cant.resolve.locationLinker: Error: Could not find or load main class otherIfazeDelete.Main;true;true;true;true;TYPE_REMOVED;true;true;true;true;JApiCompatibilityChange{type=SUPERCLASS_REMOVED}, JApiCompatibilityChange{type=CLASS_REMOVED};true;true;true;true;class removed
inheritanceIfazeStopInherite;true;true;Compiler: compiler.err.cant.resolve.location.argsLinker: Exception in thread "main" java.lang.NoSuchMethodError: 'void testing_lib.inheritanceIfazeStopInherite.InheritanceIfazeStopInherite.method1()';true;true;true;true;TYPE_SUPERTYPE_REMOVED, EXECUTABLE_REMOVED;true;true;true;true;JApiCompatibilityChange{type=INTERFACE_REMOVED};true;true;true;true;class no longer implements interface
accessModifierClazzConstructorAccessDecreaseProtectedToPrivate;true;true;Compiler: compiler.err.report.accessLinker: Exception in thread "main" java.lang.IllegalAccessError: class accessModifierClazzConstructorAccessDecreaseProtectedToPrivate.Main tried to access private method 'void testing_lib.accessModifierClazzConstructorAccessDecreaseProtectedToPrivate.AccessModifierClazzConstructorAccessDecreaseProtectedToPrivate.<init>()' (accessModifierClazzConstructorAccessDecreaseProtectedToPrivate.Main and testing_lib.accessModifierClazzConstructorAccessDecreaseProtectedToPrivate.AccessModifierClazzConstructorAccessDecreaseProtectedToPrivate are in unnamed module of loader 'app');true;true;true;true;CLASS_NOW_ABSTRACT, CLASS_NOW_FINAL, EXECUTABLE_REMOVED;true;true;true;true;JApiCompatibilityChange{type=CONSTRUCTOR_LESS_ACCESSIBLE}, JApiCompatibilityChange{type=CLASS_NOW_NOT_EXTENDABLE};true;true;true;true;visibility reduced
otherIfazeAdd;false;false;;false;false;true;true;;false;false;true;true;;false;false;true;true;class added
otherClazzAdd;false;false;;false;false;true;true;;false;false;true;true;;false;false;true;true;class added
accessModifierClazzAccessIncrease;false;false;;false;false;true;true;;false;false;true;true;;false;false;true;true;class added
accessModifierClazzFieldAccessIncreaseNonToProtected;false;false;;false;false;true;true;;false;false;true;true;;false;false;true;true;visibility increased
membersClazzConstructorParamAdd;true;true;Compiler: compiler.err.cant.apply.symbolsLinker: Exception in thread "main" java.lang.NoSuchMethodError: 'void testing_lib.membersClazzConstructorParamAdd.MembersClazzConstructorParamAdd.<init>(java.lang.Integer)';true;true;true;true;EXECUTABLE_REMOVED;true;true;true;true;JApiCompatibilityChange{type=CONSTRUCTOR_REMOVED};true;true;true;true;number of parameters changed
otherIfazeToClass;true;true;Compiler: compiler.err.intf.expected.hereLinker: Error: LinkageError occurred while loading main class otherIfazeToClass.Main;true;true;true;true;TYPE_KIND_CHANGED;true;true;true;true;JApiCompatibilityChange{type=CLASS_TYPE_CHANGED};true;true;true;true;method added, class kind changed, class no longer abstract
accessModifierClazzConstructorAccessDecreasePublicToNon;true;true;Compiler: compiler.err.not.def.public.cant.access, compiler.err.not.def.public.cant.accessLinker: Exception in thread "main" java.lang.IllegalAccessError: class accessModifierClazzConstructorAccessDecreasePublicToNon.Main tried to access method 'void testing_lib.accessModifierClazzConstructorAccessDecreasePublicToNon.AccessModifierClazzConstructorAccessDecreasePublicToNon.<init>()' (accessModifierClazzConstructorAccessDecreasePublicToNon.Main and testing_lib.accessModifierClazzConstructorAccessDecreasePublicToNon.AccessModifierClazzConstructorAccessDecreasePublicToNon are in unnamed module of loader 'app');true;true;true;true;CLASS_NOW_ABSTRACT, CLASS_NOW_FINAL, EXECUTABLE_REMOVED;true;true;true;true;JApiCompatibilityChange{type=CONSTRUCTOR_LESS_ACCESSIBLE};true;true;true;true;visibility reduced
otherClazzDelete;true;true;Compiler: compiler.err.doesnt.exist, compiler.err.cant.resolve.location, compiler.err.cant.resolve.locationLinker: Exception in thread "main" java.lang.NoClassDefFoundError: testing_lib/otherClazzDelete/OtherClazzDelete;true;true;true;true;TYPE_REMOVED;true;true;true;true;JApiCompatibilityChange{type=CONSTRUCTOR_REMOVED}, JApiCompatibilityChange{type=SUPERCLASS_REMOVED}, JApiCompatibilityChange{type=CLASS_REMOVED};true;true;true;true;class removed
accessModifierClazzConstructorAccessIncreaseProtectedToPublic;false;false;;false;false;true;true;;false;false;true;true;;false;true;true;false;visibility increased
accessModifierClazzConstructorAccessDecreaseNonToPrivate;false;false;;false;false;true;true;;true;true;false;false;JApiCompatibilityChange{type=CONSTRUCTOR_LESS_ACCESSIBLE}, JApiCompatibilityChange{type=CLASS_NOW_NOT_EXTENDABLE};false;false;true;true;
inheritanceClazzStartInherite;false;false;;false;false;true;true;;false;false;true;true;JApiCompatibilityChange{type=SUPERCLASS_ADDED};true;true;false;false;new super class of non-final class
inheritanceIfazeExpandSuperinterfaceSet;false;true;Compiler: compiler.err.does.not.override.abstract;false;true;true;true;TYPE_NEW_ABSTRACT_METHOD;false;false;true;false;JApiCompatibilityChange{type=INTERFACE_ADDED}, JApiCompatibilityChange{type=INTERFACE_ADDED};false;false;true;false;class added
membersClazzConstructorParamDelete;true;true;Compiler: compiler.err.cant.apply.symbolsLinker: Exception in thread "main" java.lang.NoSuchMethodError: 'void testing_lib.membersClazzConstructorParamDelete.MembersClazzConstructorParamDelete.<init>(java.lang.Integer, java.lang.String)';true;true;true;true;EXECUTABLE_REMOVED;true;true;true;true;JApiCompatibilityChange{type=CONSTRUCTOR_REMOVED};true;true;true;true;number of parameters changed
membersClazzConstructorAdd;false;false;;false;false;true;true;;false;false;true;true;;false;false;true;true;method added
accessModifierClazzFieldAccessIncreaseNonToPublic;false;false;;false;false;true;true;;false;false;true;true;;false;false;true;true;visibility increased
inheritanceIfazeDefaultMethodOverrideAdd;false;false;;false;false;true;true;;false;false;true;true;;false;false;true;true;inherited method moved to class
accessModifierClazzFieldAccessDecreaseProtectedToNon;true;true;Compiler: compiler.err.not.def.public.cant.accessLinker: Exception in thread "main" java.lang.IllegalAccessError: class accessModifierClazzFieldAccessDecreaseProtectedToNon.Main tried to access field testing_lib.accessModifierClazzFieldAccessDecreaseProtectedToNon.AccessModifierClazzFieldAccessDecreaseProtectedToNon.field (accessModifierClazzFieldAccessDecreaseProtectedToNon.Main and testing_lib.accessModifierClazzFieldAccessDecreaseProtectedToNon.AccessModifierClazzFieldAccessDecreaseProtectedToNon are in unnamed module of loader 'app');true;true;true;true;FIELD_REMOVED;true;true;true;true;JApiCompatibilityChange{type=FIELD_LESS_ACCESSIBLE};true;true;true;true;visibility reduced
accessModifierClazzFieldAccessIncreaseProtectedToPublic;false;false;;false;false;true;true;;false;false;true;true;;false;false;true;true;visibility increased
inheritanceIfazeMethodMovedFromSuperInterface;true;true;Compiler: compiler.err.cant.resolve.location.argsLinker: Exception in thread "main" java.lang.NoSuchMethodError: 'void testing_lib.inheritanceIfazeMethodMovedFromSuperInterface.Interface1.method1()';true;true;true;true;EXECUTABLE_REMOVED;true;true;true;true;JApiCompatibilityChange{type=METHOD_REMOVED};true;true;true;true;inherited method moved to class, method removed
accessModifierClazzFieldAccessIncreasePrivateToProtected;false;false;;false;false;true;true;;false;false;true;true;;false;false;true;true;visibility increased
membersClazzConstructorDelete;true;true;Compiler: compiler.err.cant.apply.symbolLinker: Exception in thread "main" java.lang.NoSuchMethodError: 'void testing_lib.membersClazzConstructorDelete.MembersClazzConstructorDelete.<init>(int)';true;true;true;true;EXECUTABLE_REMOVED;true;true;true;true;JApiCompatibilityChange{type=CONSTRUCTOR_REMOVED};true;true;true;true;method removed
accessModifierClazzFieldAccessIncreasePrivateToNon;false;false;;false;false;true;true;;false;false;true;true;;false;false;true;true;
accessModifierClazzFieldAccessDecreasePublicToNon;true;true;Compiler: compiler.err.not.def.public.cant.accessLinker: Exception in thread "main" java.lang.IllegalAccessError: class accessModifierClazzFieldAccessDecreasePublicToNon.Main tried to access field testing_lib.accessModifierClazzFieldAccessDecreasePublicToNon.AccessModifierClazzFieldAccessDecreasePublicToNon.field (accessModifierClazzFieldAccessDecreasePublicToNon.Main and testing_lib.accessModifierClazzFieldAccessDecreasePublicToNon.AccessModifierClazzFieldAccessDecreasePublicToNon are in unnamed module of loader 'app');true;true;true;true;FIELD_REMOVED;true;true;true;true;JApiCompatibilityChange{type=FIELD_LESS_ACCESSIBLE};true;true;true;true;visibility reduced
inheritanceIfazeDefaultMethodOverrideDelete;false;false;;false;false;true;true;;false;false;true;true;;false;false;true;true;method moved to superclass
accessModifierClazzFieldAccessDecreaseProtectedToPrivate;true;true;Compiler: compiler.err.report.accessLinker: Exception in thread "main" java.lang.IllegalAccessError: class accessModifierClazzFieldAccessDecreaseProtectedToPrivate.Main tried to access private field testing_lib.accessModifierClazzFieldAccessDecreaseProtectedToPrivate.AccessModifierClazzFieldAccessDecreaseProtectedToPrivate.field (accessModifierClazzFieldAccessDecreaseProtectedToPrivate.Main and testing_lib.accessModifierClazzFieldAccessDecreaseProtectedToPrivate.AccessModifierClazzFieldAccessDecreaseProtectedToPrivate are in unnamed module of loader 'app');true;true;true;true;FIELD_REMOVED;true;true;true;true;JApiCompatibilityChange{type=FIELD_LESS_ACCESSIBLE};true;true;true;true;visibility reduced
accessModifierClazzMethodAccessDecreaseNonToPrivate;false;false;;false;false;true;true;;true;true;false;false;JApiCompatibilityChange{type=METHOD_LESS_ACCESSIBLE};false;false;true;true;
membersClazzMethodAbstractDelete;true;true;Compiler: compiler.err.method.does.not.override.superclass, compiler.err.cant.resolve.location.argsLinker: Exception in thread "main" java.lang.NoSuchMethodError: 'void testing_lib.membersClazzMethodAbstractDelete.MembersClazzMethodAbstractDelete.method1()';true;true;true;true;EXECUTABLE_REMOVED;true;true;true;true;JApiCompatibilityChange{type=METHOD_REMOVED};true;true;true;true;method removed, class no longer abstract
accessModifierClazzFieldAccessIncreasePrivateToPublic;false;false;;false;false;true;true;;false;false;true;true;;false;false;true;true;visibility increased
accessModifierClazzConstructorAccessDecreasePublicToPrivate;true;true;Compiler: compiler.err.report.access, compiler.err.report.accessLinker: Exception in thread "main" java.lang.IllegalAccessError: class accessModifierClazzConstructorAccessDecreasePublicToPrivate.Main tried to access private method 'void testing_lib.accessModifierClazzConstructorAccessDecreasePublicToPrivate.AccessModifierClazzConstructorAccessDecreasePublicToPrivate.<init>()' (accessModifierClazzConstructorAccessDecreasePublicToPrivate.Main and testing_lib.accessModifierClazzConstructorAccessDecreasePublicToPrivate.AccessModifierClazzConstructorAccessDecreasePublicToPrivate are in unnamed module of loader 'app');true;true;true;true;CLASS_NOW_ABSTRACT, CLASS_NOW_FINAL, EXECUTABLE_REMOVED;true;true;true;true;JApiCompatibilityChange{type=CONSTRUCTOR_LESS_ACCESSIBLE}, JApiCompatibilityChange{type=CLASS_NOW_NOT_EXTENDABLE};true;true;true;true;visibility reduced
inheritanceClazzStopInherite;true;true;Compiler: compiler.err.prob.found.reqLinker: Caused by: java.lang.VerifyError: Bad type on operand stack;true;true;true;true;EXECUTABLE_REMOVED, TYPE_SUPERTYPE_REMOVED;true;true;true;true;JApiCompatibilityChange{type=SUPERCLASS_REMOVED};true;true;true;true;removed super class
membersClazzFieldAdd;false;false;;false;false;true;true;;false;false;true;true;;false;false;true;true;field added
accessModifierClazzFieldAccessDecreasePublicToPrivate;true;true;Compiler: compiler.err.report.accessLinker: Exception in thread "main" java.lang.IllegalAccessError: class accessModifierClazzFieldAccessDecreasePublicToPrivate.Main tried to access private field testing_lib.accessModifierClazzFieldAccessDecreasePublicToPrivate.AccessModifierClazzFieldAccessDecreasePublicToPrivate.field (accessModifierClazzFieldAccessDecreasePublicToPrivate.Main and testing_lib.accessModifierClazzFieldAccessDecreasePublicToPrivate.AccessModifierClazzFieldAccessDecreasePublicToPrivate are in unnamed module of loader 'app');true;true;true;true;FIELD_REMOVED;true;true;true;true;JApiCompatibilityChange{type=FIELD_LESS_ACCESSIBLE};true;true;true;true;visibility reduced
membersClazzFieldDelete;true;true;Compiler: compiler.err.cant.resolve.locationLinker: Exception in thread "main" java.lang.NoSuchFieldError: Class testing_lib.membersClazzFieldDelete.MembersClazzFieldDelete does not have member field 'int field1';true;true;true;true;FIELD_REMOVED;true;true;true;true;JApiCompatibilityChange{type=FIELD_REMOVED};true;true;true;true;field removed
membersClazzMethodAdd;false;false;;false;false;true;true;;false;false;true;true;JApiCompatibilityChange{type=METHOD_ADDED_TO_PUBLIC_CLASS};false;false;true;true;method added
accessModifierClazzConstructorAccessDecreasePublicToProtected;true;true;Compiler: compiler.err.report.accessLinker: Caused by: java.lang.VerifyError: Bad access to protected <init> method;true;true;true;true;EXECUTABLE_NOW_PROTECTED;true;true;true;true;JApiCompatibilityChange{type=CONSTRUCTOR_LESS_ACCESSIBLE};false;false;false;false;Public constructor of abstract class now protected
accessModifierClazzFieldAccessDecreasePublicToProtected;true;true;Compiler: compiler.err.report.accessLinker: Caused by: java.lang.VerifyError: Bad access to protected data in getfield;true;true;true;true;FIELD_NOW_PROTECTED;true;true;true;true;JApiCompatibilityChange{type=FIELD_LESS_ACCESSIBLE};true;true;true;true;visibility reduced
membersClazzFieldConstantAdd;false;false;;false;false;true;true;;false;false;true;true;;false;false;true;true;static field added
membersClazzMethodAbstractAdd;false;true;Compiler: compiler.err.does.not.override.abstract;false;true;true;true;TYPE_NEW_ABSTRACT_METHOD;false;true;true;true;JApiCompatibilityChange{type=METHOD_ADDED_TO_PUBLIC_CLASS}, JApiCompatibilityChange{type=METHOD_ABSTRACT_ADDED_TO_CLASS};true;true;false;true;abstract method added
membersIfazeMethodDefaultDelete;true;true;Compiler: compiler.err.cant.resolve.location.argsLinker: Exception in thread "main" java.lang.NoSuchMethodError: 'void testing_lib.membersIfazeMethodDefaultDelete.MembersIfazeMethodDefaultDelete.method1()';true;true;true;true;EXECUTABLE_REMOVED;true;true;true;true;JApiCompatibilityChange{type=METHOD_REMOVED};true;true;true;true;method removed
accessModifierClazzConstructorAccessIncreaseNonToProtected;false;false;;false;false;true;true;;false;false;true;true;;false;true;true;false;visibility increased
membersClazzFieldConstantDelete;false;true;Compiler: compiler.err.cant.resolve.location;true;true;false;true;FIELD_REMOVED;true;true;false;true;JApiCompatibilityChange{type=FIELD_REMOVED};false;true;true;true;field with constant removed
inheritanceIfazeContractSuperinterfaceSet;true;true;Compiler: compiler.err.cant.resolve.location, compiler.err.cant.resolve.location, compiler.err.cant.resolve.location, compiler.err.method.does.not.override.superclassLinker: Caused by: java.lang.NoClassDefFoundError: testing_lib/inheritanceIfazeContractSuperinterfaceSet/Interface2;true;true;true;true;TYPE_SUPERTYPE_REMOVED, EXECUTABLE_REMOVED, TYPE_REMOVED;true;true;true;true;JApiCompatibilityChange{type=INTERFACE_REMOVED}, JApiCompatibilityChange{type=METHOD_REMOVED}, JApiCompatibilityChange{type=INTERFACE_REMOVED}, JApiCompatibilityChange{type=SUPERCLASS_REMOVED}, JApiCompatibilityChange{type=CLASS_REMOVED};true;true;true;true;class implements interface, class removed
membersIfazeMethodAdd;false;true;Compiler: compiler.err.does.not.override.abstract;false;true;true;true;TYPE_NEW_ABSTRACT_METHOD;false;true;true;true;JApiCompatibilityChange{type=METHOD_ADDED_TO_INTERFACE};false;true;true;true;method added to interface
membersIfazeMethodDelete;true;true;Compiler: compiler.err.method.does.not.override.superclass, compiler.err.cant.resolve.location.argsLinker: Exception in thread "main" java.lang.NoSuchMethodError: 'void testing_lib.membersIfazeMethodDelete.MembersIfazeMethodDelete.method1()';true;true;true;true;EXECUTABLE_REMOVED;true;true;true;true;JApiCompatibilityChange{type=METHOD_REMOVED};true;true;true;true;method removed
membersClazzNestedIfazeDelete;true;true;Compiler: compiler.err.cant.resolve.location, compiler.err.cant.resolve, compiler.err.cant.resolve.locationLinker: Error: Could not find or load main class membersClazzNestedIfazeDelete.Main;true;true;true;true;TYPE_REMOVED;true;true;true;true;JApiCompatibilityChange{type=SUPERCLASS_REMOVED}, JApiCompatibilityChange{type=CLASS_REMOVED};true;true;true;true;class removed
membersIfazeMethodDefaultAdd;false;false;;false;false;true;true;;false;false;true;true;JApiCompatibilityChange{type=METHOD_NEW_DEFAULT};false;false;true;true;default method added to interface
accessModifierClazzConstructorAccessIncreasePrivateToProtected;false;false;;false;false;true;true;;false;false;true;true;;false;true;true;false;visibility increased
membersIfazeConstantAdd;false;false;;false;false;true;true;;false;false;true;true;;false;false;true;true;static field added
accessModifierClazzConstructorAccessIncreasePrivateToPublic;false;false;;false;false;true;true;;false;false;true;true;;false;true;true;false;visibility increased
membersIfazeConstantDelete;false;true;Compiler: compiler.err.cant.resolve.location;true;true;false;true;FIELD_REMOVED;true;true;false;true;JApiCompatibilityChange{type=FIELD_REMOVED};false;true;true;true;field with constant removed
accessModifierIfazeNestedIfazeAccessDecreasePublicToNon;false;false;;false;false;true;true;;false;false;true;true;;false;false;true;true;
genericsWildcardsClazzMethodParamLowerBoundsToUpperBounds;false;true;Compiler: compiler.err.prob.found.req, compiler.err.name.clash.same.erasure.no.override, compiler.err.method.does.not.override.superclass;false;true;true;true;EXECUTABLE_PARAMETER_GENERICS_CHANGED;false;false;true;false;;false;true;true;true;type parameter of method parameter changed
dataTypeClazzConstructorParamUnboxing;true;false;Linker: Exception in thread "main" java.lang.NoSuchMethodError: 'void testing_lib.dataTypeClazzConstructorParamUnboxing.DataTypeClazzConstructorParamUnboxing.<init>(java.lang.Integer)';true;true;true;false;EXECUTABLE_REMOVED;true;true;true;false;JApiCompatibilityChange{type=CONSTRUCTOR_REMOVED};true;true;true;false;parameter type changed
accessModifierIfazeNestedIfazeAccessIncreaseNonToPublic;false;false;;false;false;true;true;;false;false;true;true;;false;false;true;true;
genericsWildcardsClazzMethodParamUpperBoundsAdd;false;true;Compiler: compiler.err.prob.found.req, compiler.err.name.clash.same.erasure.no.override, compiler.err.method.does.not.override.superclass;false;true;true;true;EXECUTABLE_PARAMETER_GENERICS_CHANGED;false;false;true;false;;false;true;true;true;type parameter of method parameter changed
dataTypeClazzConstructorParamWidening;true;false;Linker: Exception in thread "main" java.lang.NoSuchMethodError: 'void testing_lib.dataTypeClazzConstructorParamWidening.DataTypeClazzConstructorParamWidening.<init>(int)';true;true;true;false;EXECUTABLE_REMOVED;true;true;true;false;JApiCompatibilityChange{type=CONSTRUCTOR_REMOVED};true;true;true;false;parameter type changed
dataTypeClazzConstructorParamBoxing;true;false;Linker: Exception in thread "main" java.lang.NoSuchMethodError: 'void testing_lib.dataTypeClazzConstructorParamBoxing.DataTypeClazzConstructorParamBoxing.<init>(int)';true;true;true;false;EXECUTABLE_REMOVED;true;true;true;false;JApiCompatibilityChange{type=CONSTRUCTOR_REMOVED};true;true;true;false;parameter type changed
dataTypeClazzFieldGeneralization;true;true;Compiler: compiler.err.prob.found.reqLinker: Exception in thread "main" java.lang.NoSuchFieldError: Class testing_lib.dataTypeClazzFieldGeneralization.DataTypeClazzFieldGeneralization does not have member field 'java.lang.Integer field1';true;true;true;true;FIELD_TYPE_ERASURE_CHANGED, FIELD_TYPE_CHANGED_INCOMPATIBLE;true;true;true;true;JApiCompatibilityChange{type=FIELD_TYPE_CHANGED};true;true;true;true;field type changed
genericsWildcardsClazzMethodParamUpperBoundsDelete;false;true;Compiler: compiler.err.name.clash.same.erasure.no.override, compiler.err.method.does.not.override.superclass;false;true;true;true;EXECUTABLE_PARAMETER_GENERICS_CHANGED;false;false;true;false;;false;true;true;true;type parameter of method parameter changed
dataTypeClazzFieldBoxing;true;false;Linker: Exception in thread "main" java.lang.NoSuchFieldError: Class testing_lib.dataTypeClazzFieldBoxing.DataTypeClazzFieldBoxing does not have member field 'int field1';true;false;true;true;FIELD_TYPE_ERASURE_CHANGED;true;true;true;false;JApiCompatibilityChange{type=FIELD_TYPE_CHANGED};true;true;true;false;field type changed
dataTypeIfazeMethodParamUnboxing;true;true;Compiler: compiler.err.does.not.override.abstract, compiler.err.method.does.not.override.superclassLinker: Exception in thread "main" java.lang.NoSuchMethodError: 'void testing_lib.dataTypeIfazeMethodParamUnboxing.DataTypeIfazeMethodParamUnboxing.method1(java.lang.Integer)';true;true;true;true;TYPE_NEW_ABSTRACT_METHOD, EXECUTABLE_REMOVED;true;true;true;true;JApiCompatibilityChange{type=METHOD_REMOVED}, JApiCompatibilityChange{type=METHOD_ADDED_TO_INTERFACE};true;true;true;true;parameter type changed
dataTypeClazzFieldMutation;true;true;Compiler: compiler.err.prob.found.reqLinker: Exception in thread "main" java.lang.NoSuchFieldError: Class testing_lib.dataTypeClazzFieldMutation.DataTypeClazzFieldMutation does not have member field 'java.lang.Integer field1';true;true;true;true;FIELD_TYPE_ERASURE_CHANGED, FIELD_TYPE_CHANGED_INCOMPATIBLE;true;true;true;true;JApiCompatibilityChange{type=FIELD_TYPE_CHANGED};true;true;true;true;field type changed
genericsWildcardsClazzMethodParamUpperBoundsSpecialization;false;true;Compiler: compiler.err.prob.found.req, compiler.err.name.clash.same.erasure.no.override, compiler.err.method.does.not.override.superclass;false;true;true;true;EXECUTABLE_PARAMETER_GENERICS_CHANGED;false;false;true;false;;false;true;true;true;type parameter of method parameter changed
dataTypeIfazeMethodParamMutation;true;true;Compiler: compiler.err.does.not.override.abstract, compiler.err.method.does.not.override.superclass, compiler.err.prob.found.reqLinker: Exception in thread "main" java.lang.NoSuchMethodError: 'void testing_lib.dataTypeIfazeMethodParamMutation.DataTypeIfazeMethodParamMutation.method1(java.lang.Integer)';true;true;true;true;TYPE_NEW_ABSTRACT_METHOD, EXECUTABLE_REMOVED;true;true;true;true;JApiCompatibilityChange{type=METHOD_REMOVED}, JApiCompatibilityChange{type=METHOD_ADDED_TO_INTERFACE};true;true;true;true;parameter type changed
dataTypeIfazeMethodParamWidening;true;true;Compiler: compiler.err.does.not.override.abstract, compiler.err.method.does.not.override.superclassLinker: Exception in thread "main" java.lang.NoSuchMethodError: 'void testing_lib.dataTypeIfazeMethodParamWidening.DataTypeIfazeMethodParamWidening.method1(int)';true;true;true;true;TYPE_NEW_ABSTRACT_METHOD, EXECUTABLE_REMOVED;true;true;true;true;JApiCompatibilityChange{type=METHOD_REMOVED}, JApiCompatibilityChange{type=METHOD_ADDED_TO_INTERFACE};true;true;true;true;parameter type changed
dataTypeIfazeConstantGeneralization;true;true;Compiler: compiler.err.prob.found.reqLinker: Exception in thread "main" java.lang.NoSuchFieldError: Class testing_lib.dataTypeIfazeConstantGeneralization.DataTypeIfazeConstantGeneralization does not have member field 'java.lang.Integer FIELD1';true;true;true;true;FIELD_TYPE_ERASURE_CHANGED, FIELD_TYPE_CHANGED_INCOMPATIBLE;true;true;true;true;JApiCompatibilityChange{type=FIELD_TYPE_CHANGED};true;true;true;true;field type changed
accessModifierClazzConstructorAccessIncreaseNonToPublic;false;false;;false;false;true;true;;false;false;true;true;;false;true;true;false;visibility increased
genericsWildcardsClazzMethodParamUpperBoundsToLowerBounds;false;true;Compiler: compiler.err.prob.found.req, compiler.err.name.clash.same.erasure.no.override, compiler.err.method.does.not.override.superclass;false;true;true;true;EXECUTABLE_PARAMETER_GENERICS_CHANGED;false;false;true;false;;false;true;true;true;type parameter of method parameter changed
genericsWildcardsClazzMethodParamUpperBoundsGeneralization;false;true;Compiler: compiler.err.name.clash.same.erasure.no.override, compiler.err.method.does.not.override.superclass;false;true;true;true;EXECUTABLE_PARAMETER_GENERICS_CHANGED;false;false;true;false;;false;true;true;true;type parameter of method parameter changed
dataTypeIfazeMethodParamNarrowing;true;true;Compiler: compiler.err.does.not.override.abstract, compiler.err.method.does.not.override.superclassLinker: Exception in thread "main" java.lang.NoSuchMethodError: 'void testing_lib.dataTypeIfazeMethodParamNarrowing.DataTypeIfazeMethodParamNarrowing.method1(double)';true;true;true;true;TYPE_NEW_ABSTRACT_METHOD, EXECUTABLE_REMOVED;true;true;true;true;JApiCompatibilityChange{type=METHOD_REMOVED}, JApiCompatibilityChange{type=METHOD_ADDED_TO_INTERFACE};true;true;true;true;parameter type changed
dataTypeIfazeMethodReturnTypeBoxing;true;true;Compiler: compiler.err.does.not.override.abstract, compiler.err.override.incompatible.ret, compiler.err.method.does.not.override.superclassLinker: Exception in thread "main" java.lang.NoSuchMethodError: 'int testing_lib.dataTypeIfazeMethodReturnTypeBoxing.DataTypeIfazeMethodReturnTypeBoxing.method1()';true;true;true;true;METHOD_RETURN_TYPE_ERASURE_CHANGED, METHOD_RETURN_TYPE_CHANGED_INCOMPATIBLE;true;true;true;true;JApiCompatibilityChange{type=METHOD_RETURN_TYPE_CHANGED};true;true;true;true;return type changed
dataTypeIfazeMethodReturnTypeGeneralization;true;true;Compiler: compiler.err.prob.found.reqLinker: Exception in thread "main" java.lang.NoSuchMethodError: 'java.lang.Integer testing_lib.dataTypeIfazeMethodReturnTypeGeneralization.DataTypeIfazeMethodReturnTypeGeneralization.method1()';true;true;true;true;METHOD_RETURN_TYPE_ERASURE_CHANGED, METHOD_RETURN_TYPE_CHANGED_INCOMPATIBLE;true;true;true;true;JApiCompatibilityChange{type=METHOD_RETURN_TYPE_CHANGED};true;true;true;true;return type changed
dataTypeIfazeConstantMutation;true;true;Compiler: compiler.err.prob.found.reqLinker: Exception in thread "main" java.lang.NoSuchFieldError: Class testing_lib.dataTypeIfazeConstantMutation.DataTypeIfazeConstantMutation does not have member field 'java.lang.Integer FIELD1';true;true;true;true;FIELD_TYPE_ERASURE_CHANGED, FIELD_TYPE_CHANGED_INCOMPATIBLE;true;true;true;true;JApiCompatibilityChange{type=FIELD_TYPE_CHANGED};true;true;true;true;field now constant, field type changed
genericsWildcardsClazzMethodParamUpperBoundsMutation;false;true;Compiler: compiler.err.prob.found.req, compiler.err.name.clash.same.erasure.no.override, compiler.err.method.does.not.override.superclass;false;true;true;true;EXECUTABLE_PARAMETER_GENERICS_CHANGED;false;false;true;false;;false;true;true;true;type parameter of method parameter changed
dataTypeIfazeMethodParamSpecialization;true;true;Compiler: compiler.err.does.not.override.abstract, compiler.err.method.does.not.override.superclassLinker: Exception in thread "main" java.lang.NoSuchMethodError: 'void testing_lib.dataTypeIfazeMethodParamSpecialization.DataTypeIfazeMethodParamSpecialization.method1(java.lang.Number)';true;true;true;true;TYPE_NEW_ABSTRACT_METHOD, EXECUTABLE_REMOVED;true;true;true;true;JApiCompatibilityChange{type=METHOD_REMOVED}, JApiCompatibilityChange{type=METHOD_ADDED_TO_INTERFACE};true;true;true;true;parameter type changed
membersClazzNestedClazzAdd;false;false;;false;false;true;true;;false;false;true;true;;false;false;true;true;class added
dataTypeIfazeConstantNarrowing;false;false;;false;true;true;false;FIELD_TYPE_CHANGED_INCOMPATIBLE;true;true;false;false;JApiCompatibilityChange{type=FIELD_TYPE_CHANGED};true;true;false;false;constant field changed value, field type changed
membersClazzMethodDelete;true;true;Compiler: compiler.err.cant.resolve.location.argsLinker: Exception in thread "main" java.lang.NoSuchMethodError: 'void testing_lib.membersClazzMethodDelete.MembersClazzMethodDelete.method1()';true;true;true;true;EXECUTABLE_REMOVED;true;true;true;true;JApiCompatibilityChange{type=METHOD_REMOVED};true;true;true;true;method removed
dataTypeIfazeMethodReturnTypeMutation;true;true;Compiler: compiler.err.does.not.override.abstract, compiler.err.override.incompatible.ret, compiler.err.override.incompatible.ret, compiler.err.override.incompatible.ret, compiler.err.method.does.not.override.superclass, compiler.err.method.does.not.override.superclass, compiler.err.method.does.not.override.superclass, compiler.err.prob.found.req, compiler.err.prob.found.reqLinker: Exception in thread "main" java.lang.NoSuchMethodError: 'java.lang.Integer testing_lib.dataTypeIfazeMethodReturnTypeMutation.DataTypeIfazeMethodReturnTypeMutation.methodIntegerToString()';true;true;true;true;METHOD_RETURN_TYPE_ERASURE_CHANGED, METHOD_RETURN_TYPE_CHANGED_INCOMPATIBLE, METHOD_RETURN_TYPE_ERASURE_CHANGED, METHOD_RETURN_TYPE_CHANGED_INCOMPATIBLE, METHOD_RETURN_TYPE_ERASURE_CHANGED, METHOD_RETURN_TYPE_CHANGED_INCOMPATIBLE;true;true;true;true;JApiCompatibilityChange{type=METHOD_RETURN_TYPE_CHANGED}, JApiCompatibilityChange{type=METHOD_RETURN_TYPE_CHANGED}, JApiCompatibilityChange{type=METHOD_RETURN_TYPE_CHANGED};true;true;true;true;return type changed, return type changed, return type changed
genericsWildcardsClazzMethodParamAdd;false;true;Compiler: compiler.err.name.clash.same.erasure.no.override, compiler.err.method.does.not.override.superclass;false;true;true;true;EXECUTABLE_PARAMETER_GENERICS_CHANGED;false;false;true;false;;false;true;true;true;type parameter of method parameter changed
membersClazzNestedClazzDelete;true;true;Compiler: compiler.err.cant.resolve.location, compiler.err.cant.resolve.locationLinker: Exception in thread "main" java.lang.NoClassDefFoundError: testing_lib/membersClazzNestedClazzDelete/MembersClazzNestedClazzDelete$NestedClazz;true;true;true;true;TYPE_REMOVED;true;true;true;true;JApiCompatibilityChange{type=CONSTRUCTOR_REMOVED}, JApiCompatibilityChange{type=SUPERCLASS_REMOVED}, JApiCompatibilityChange{type=CLASS_REMOVED};true;true;true;true;class removed
membersClazzMethodParamAdd;true;true;Compiler: compiler.err.cant.apply.symbolLinker: Exception in thread "main" java.lang.NoSuchMethodError: 'void testing_lib.membersClazzMethodParamAdd.MembersClazzMethodParamAdd.method1()';true;true;true;true;EXECUTABLE_REMOVED;true;true;true;true;JApiCompatibilityChange{type=METHOD_REMOVED}, JApiCompatibilityChange{type=METHOD_ADDED_TO_PUBLIC_CLASS};true;true;true;true;number of parameters changed
dataTypeIfazeMethodReturnTypeNarrowing;true;true;Compiler: compiler.err.does.not.override.abstract, compiler.err.override.incompatible.ret, compiler.err.method.does.not.override.superclassLinker: Exception in thread "main" java.lang.NoSuchMethodError: 'double testing_lib.dataTypeIfazeMethodReturnTypeNarrowing.DataTypeIfazeMethodReturnTypeNarrowing.method1()';true;true;true;true;METHOD_RETURN_TYPE_ERASURE_CHANGED, METHOD_RETURN_TYPE_CHANGED_INCOMPATIBLE;true;true;true;true;JApiCompatibilityChange{type=METHOD_RETURN_TYPE_CHANGED};true;true;true;true;return type changed
dataTypeIfazeConstantSpecialization;true;false;Linker: Exception in thread "main" java.lang.NoSuchFieldError: Class testing_lib.dataTypeIfazeConstantSpecialization.DataTypeIfazeConstantSpecialization does not have member field 'java.lang.Number FIELD1';true;false;true;true;FIELD_TYPE_ERASURE_CHANGED;true;true;true;false;JApiCompatibilityChange{type=FIELD_TYPE_CHANGED};true;true;true;false;field type changed
genericsWildcardsClazzMethodParamLowerBoundsAdd;false;true;Compiler: compiler.err.prob.found.req, compiler.err.name.clash.same.erasure.no.override, compiler.err.method.does.not.override.superclass;false;true;true;true;EXECUTABLE_PARAMETER_GENERICS_CHANGED;false;false;true;false;;false;true;true;true;type parameter of method parameter changed
membersClazzNestedIfazeAdd;false;false;;false;false;true;true;;false;false;true;true;;false;false;true;true;class added
genericsClazzMethodTypeAddSecond;false;true;Compiler: compiler.err.cant.apply.symbol.noargs, compiler.err.name.clash.same.erasure.no.override, compiler.err.method.does.not.override.superclass;false;true;true;true;FORMAL_TYPE_PARAMETER_ADDED;false;true;true;true;JApiCompatibilityChange{type=CLASS_GENERIC_TEMPLATE_CHANGED};false;true;true;true;formal type parameter added
membersClazzMethodParamDelete;true;true;Compiler: compiler.err.cant.apply.symbolLinker: Exception in thread "main" java.lang.NoSuchMethodError: 'void testing_lib.membersClazzMethodParamDelete.MembersClazzMethodParamDelete.method1(java.lang.Integer)';true;true;true;true;EXECUTABLE_REMOVED;true;true;true;true;JApiCompatibilityChange{type=METHOD_REMOVED}, JApiCompatibilityChange{type=METHOD_ADDED_TO_PUBLIC_CLASS};true;true;true;true;number of parameters changed
dataTypeIfazeMethodParamBoxing;true;true;Compiler: compiler.err.does.not.override.abstract, compiler.err.method.does.not.override.superclassLinker: Exception in thread "main" java.lang.NoSuchMethodError: 'void testing_lib.dataTypeIfazeMethodParamBoxing.DataTypeIfazeMethodParamBoxing.method1(int)';true;true;true;true;TYPE_NEW_ABSTRACT_METHOD, EXECUTABLE_REMOVED;true;true;true;true;JApiCompatibilityChange{type=METHOD_REMOVED}, JApiCompatibilityChange{type=METHOD_ADDED_TO_INTERFACE};true;true;true;true;parameter type changed
genericsWildcardsClazzMethodParamLowerBoundsDelete;false;true;Compiler: compiler.err.name.clash.same.erasure.no.override, compiler.err.method.does.not.override.superclass;false;true;true;true;EXECUTABLE_PARAMETER_GENERICS_CHANGED;false;false;true;false;;false;true;true;true;type parameter of method parameter changed
genericsWildcardsClazzMethodParamLowerBoundsGeneralization;false;true;Compiler: compiler.err.prob.found.req, compiler.err.name.clash.same.erasure.no.override, compiler.err.method.does.not.override.superclass;false;true;true;true;EXECUTABLE_PARAMETER_GENERICS_CHANGED;false;false;true;false;;false;true;true;true;type parameter of method parameter changed
genericsClazzMethodTypeBoundsAddN;false;true;Compiler: compiler.err.cant.apply.symbol.noargs, compiler.err.name.clash.same.erasure.no.override, compiler.err.method.does.not.override.superclass;false;true;true;true;FORMAL_TYPE_PARAMETER_CHANGED;false;true;true;true;JApiCompatibilityChange{type=CLASS_GENERIC_TEMPLATE_CHANGED};false;true;true;true;formal type parameter changed
genericsClazzTypeBoundsGeneralization;false;false;;false;false;true;true;;false;true;true;false;JApiCompatibilityChange{type=CLASS_GENERIC_TEMPLATE_CHANGED};false;true;true;false;formal type parameter changed
dataTypeIfazeMethodParamGeneralization;true;true;Compiler: compiler.err.does.not.override.abstract, compiler.err.method.does.not.override.superclassLinker: Exception in thread "main" java.lang.NoSuchMethodError: 'void testing_lib.dataTypeIfazeMethodParamGeneralization.DataTypeIfazeMethodParamGeneralization.method1(java.lang.Integer)';true;true;true;true;TYPE_NEW_ABSTRACT_METHOD, EXECUTABLE_REMOVED;true;true;true;true;JApiCompatibilityChange{type=METHOD_REMOVED}, JApiCompatibilityChange{type=METHOD_ADDED_TO_INTERFACE};true;true;true;true;parameter type changed
dataTypeIfazeConstantUnboxing;true;false;Linker: Exception in thread "main" java.lang.NoSuchFieldError: Class testing_lib.dataTypeIfazeConstantUnboxing.DataTypeIfazeConstantUnboxing does not have member field 'java.lang.Integer FIELD1';true;false;true;true;FIELD_TYPE_ERASURE_CHANGED;true;true;true;false;JApiCompatibilityChange{type=FIELD_TYPE_CHANGED};true;true;true;false;field now constant, field type changed
genericsWildcardsClazzMethodParamLowerBoundsMutation;false;true;Compiler: compiler.err.prob.found.req, compiler.err.name.clash.same.erasure.no.override, compiler.err.method.does.not.override.superclass;false;true;true;true;EXECUTABLE_PARAMETER_GENERICS_CHANGED;false;false;true;false;;false;true;true;true;type parameter of method parameter changed
dataTypeClazzConstructorParamGeneralization;true;false;Linker: Exception in thread "main" java.lang.NoSuchMethodError: 'void testing_lib.dataTypeClazzConstructorParamGeneralization.DataTypeClazzConstructorParamGeneralization.<init>(java.lang.Integer)';true;true;true;false;EXECUTABLE_REMOVED;true;true;true;false;JApiCompatibilityChange{type=CONSTRUCTOR_REMOVED};true;true;true;false;parameter type changed
genericsClazzMethodTypeBoundsAddSecond;false;true;Compiler: compiler.err.cant.apply.symbol.noargs, compiler.err.name.clash.same.erasure.no.override, compiler.err.method.does.not.override.superclass;false;true;true;true;FORMAL_TYPE_PARAMETER_CHANGED;false;false;true;false;;false;true;true;true;formal type parameter changed
genericsClazzTypeBoundsMutation;false;true;Compiler: compiler.err.not.within.bounds, compiler.err.not.within.bounds;false;true;true;true;FORMAL_TYPE_PARAMETER_CHANGED;false;true;true;true;JApiCompatibilityChange{type=CLASS_GENERIC_TEMPLATE_CHANGED};false;true;true;true;formal type parameter changed
dataTypeIfazeConstantWidening;false;true;Compiler: compiler.err.prob.found.req;false;true;true;true;FIELD_TYPE_CHANGED_INCOMPATIBLE;true;true;false;true;JApiCompatibilityChange{type=FIELD_TYPE_CHANGED};true;true;false;true;constant field changed value, field type changed
dataTypeClazzConstructorParamMutation;true;true;Compiler: compiler.err.prob.found.reqLinker: Exception in thread "main" java.lang.NoSuchMethodError: 'void testing_lib.dataTypeClazzConstructorParamMutation.DataTypeClazzConstructorParamMutation.<init>(java.lang.Integer)';true;true;true;true;EXECUTABLE_REMOVED;true;true;true;true;JApiCompatibilityChange{type=CONSTRUCTOR_REMOVED};true;true;true;true;parameter type changed
dataTypeClazzConstructorParamNarrowing;true;true;Compiler: compiler.err.prob.found.reqLinker: Exception in thread "main" java.lang.NoSuchMethodError: 'void testing_lib.dataTypeClazzConstructorParamNarrowing.DataTypeClazzConstructorParamNarrowing.<init>(double)';true;true;true;true;EXECUTABLE_REMOVED;true;true;true;true;JApiCompatibilityChange{type=CONSTRUCTOR_REMOVED};true;true;true;true;parameter type changed
genericsWildcardsClazzMethodParamLowerBoundsSpecialization;false;true;Compiler: compiler.err.name.clash.same.erasure.no.override, compiler.err.method.does.not.override.superclass;false;true;true;true;EXECUTABLE_PARAMETER_GENERICS_CHANGED;false;false;true;false;;false;true;true;true;type parameter of method parameter changed
accessModifierClazzConstructorAccessIncreasePrivateToNon;false;false;;false;false;true;true;;false;false;true;true;;false;false;true;true;
genericsIfazeMethodTypeAddSecond;false;true;Compiler: compiler.err.does.not.override.abstract, compiler.err.name.clash.same.erasure.no.override, compiler.err.method.does.not.override.superclass;false;true;true;true;FORMAL_TYPE_PARAMETER_ADDED;false;true;true;true;JApiCompatibilityChange{type=CLASS_GENERIC_TEMPLATE_CHANGED};false;true;true;true;formal type parameter added
genericsIfazeMethodTypeBoundsAddN;false;true;Compiler: compiler.err.does.not.override.abstract, compiler.err.name.clash.same.erasure.no.override, compiler.err.method.does.not.override.superclass;false;true;true;true;FORMAL_TYPE_PARAMETER_CHANGED;false;true;true;true;JApiCompatibilityChange{type=CLASS_GENERIC_TEMPLATE_CHANGED};false;true;true;true;formal type parameter changed
dataTypeIfazeMethodReturnTypeWidening;true;true;Compiler: compiler.err.does.not.override.abstract, compiler.err.override.incompatible.ret, compiler.err.method.does.not.override.superclass, compiler.err.prob.found.reqLinker: Exception in thread "main" java.lang.NoSuchMethodError: 'int testing_lib.dataTypeIfazeMethodReturnTypeWidening.DataTypeIfazeMethodReturnTypeWidening.method1()';true;true;true;true;METHOD_RETURN_TYPE_ERASURE_CHANGED, METHOD_RETURN_TYPE_CHANGED_INCOMPATIBLE;true;true;true;true;JApiCompatibilityChange{type=METHOD_RETURN_TYPE_CHANGED};true;true;true;true;return type changed
accessModifierClazzNestedIfazeAccessIncreaseNonToProtected;false;false;;false;false;true;true;;false;false;true;true;;false;false;true;true;visibility increased
genericsClazzMethodTypeBoundsGeneralization;false;true;Compiler: compiler.err.name.clash.same.erasure.no.override, compiler.err.method.does.not.override.superclass;false;true;true;true;FORMAL_TYPE_PARAMETER_CHANGED;false;true;true;true;JApiCompatibilityChange{type=CLASS_GENERIC_TEMPLATE_CHANGED};false;true;true;true;formal type parameter changed
genericsClazzTypeAddSecond;false;true;Compiler: compiler.err.wrong.number.type.args, compiler.err.wrong.number.type.args;false;true;true;true;FORMAL_TYPE_PARAMETER_ADDED;false;true;true;true;JApiCompatibilityChange{type=CLASS_GENERIC_TEMPLATE_CHANGED};false;true;true;true;formal type parameter added
dataTypeClazzConstructorParamSpecialization;true;true;Compiler: compiler.err.prob.found.reqLinker: Exception in thread "main" java.lang.NoSuchMethodError: 'void testing_lib.dataTypeClazzConstructorParamSpecialization.DataTypeClazzConstructorParamSpecialization.<init>(java.lang.Number)';true;true;true;true;EXECUTABLE_REMOVED;true;true;true;true;JApiCompatibilityChange{type=CONSTRUCTOR_REMOVED};true;true;true;true;parameter type changed
genericsClazzMethodTypeBoundsSpecialization;false;true;Compiler: compiler.err.cant.apply.symbol.noargs, compiler.err.name.clash.same.erasure.no.override, compiler.err.method.does.not.override.superclass;false;true;true;true;FORMAL_TYPE_PARAMETER_CHANGED;false;true;true;true;JApiCompatibilityChange{type=CLASS_GENERIC_TEMPLATE_CHANGED};false;true;true;true;formal type parameter changed
genericsClazzConstructorTypeBoundsAddN;false;true;Compiler: compiler.err.cant.apply.symbol.noargs;false;true;true;true;FORMAL_TYPE_PARAMETER_CHANGED;false;true;true;true;JApiCompatibilityChange{type=CLASS_GENERIC_TEMPLATE_CHANGED};false;true;true;true;formal type parameter changed
accessModifierClazzNestedIfazeAccessIncreasePrivateToPublic;false;false;;false;false;true;true;;false;false;true;true;;false;false;true;true;visibility increased
genericsClazzMethodTypeBoundsMutation;false;true;Compiler: compiler.err.cant.apply.symbol.noargs, compiler.err.name.clash.same.erasure.no.override, compiler.err.method.does.not.override.superclass;false;true;true;true;FORMAL_TYPE_PARAMETER_CHANGED;false;true;true;true;JApiCompatibilityChange{type=CLASS_GENERIC_TEMPLATE_CHANGED};false;true;true;true;formal type parameter changed
genericsIfazeMethodTypeBoundsAddSecond;false;true;Compiler: compiler.err.does.not.override.abstract, compiler.err.name.clash.same.erasure.no.override, compiler.err.method.does.not.override.superclass;false;true;true;true;FORMAL_TYPE_PARAMETER_CHANGED;false;false;true;false;;false;true;true;true;formal type parameter changed
genericsClazzMethodTypeBoundsDeleteN;false;true;Compiler: compiler.err.name.clash.same.erasure.no.override, compiler.err.method.does.not.override.superclass;false;true;true;true;FORMAL_TYPE_PARAMETER_CHANGED;false;true;true;true;JApiCompatibilityChange{type=CLASS_GENERIC_TEMPLATE_CHANGED};false;true;true;true;formal type parameter changed
accessModifierClazzNestedIfazeAccessIncreaseNonToPublic;false;false;;false;false;true;true;;false;false;true;true;;false;false;true;true;visibility increased
accessModifierClazzNestedIfazeAccessIncreasePrivateToNon;false;false;;false;false;true;true;;false;false;true;true;;false;false;true;true;
genericsIfazeTypeBoundsAddN;false;true;Compiler: compiler.err.not.within.bounds;false;true;true;true;FORMAL_TYPE_PARAMETER_CHANGED;false;true;true;true;JApiCompatibilityChange{type=CLASS_GENERIC_TEMPLATE_CHANGED};false;true;true;true;formal type parameter changed
accessModifierClazzNestedIfazeAccessDecreaseNonToPrivate;false;false;;false;false;true;true;;true;true;false;false;JApiCompatibilityChange{type=CLASS_LESS_ACCESSIBLE};false;false;true;true;
accessModifierClazzNestedIfazeAccessDecreasePublicToNon;true;true;Compiler: compiler.err.not.def.public.cant.access, compiler.err.not.def.public.cant.access, compiler.err.not.def.public.cant.accessLinker: Error: LinkageError occurred while loading main class accessModifierClazzNestedIfazeAccessDecreasePublicToNon.Main;true;true;true;true;TYPE_REMOVED;true;true;true;true;JApiCompatibilityChange{type=CLASS_NO_LONGER_PUBLIC}, JApiCompatibilityChange{type=CLASS_LESS_ACCESSIBLE};true;true;true;true;visibility reduced
modifierMethodNonFinalToFinal;true;true;Compiler: compiler.err.override.methLinker: Error: LinkageError occurred while loading main class modifierMethodNonFinalToFinal.Main;true;true;true;true;METHOD_NOW_FINAL;true;true;true;true;JApiCompatibilityChange{type=METHOD_NOW_FINAL};true;true;true;true;method now final
accessModifierIfazeFieldAccessIncreaseNonToPublic;false;false;;false;false;true;true;;false;false;true;true;;false;false;true;true;
genericsClazzTypeBoundsAddN;false;true;Compiler: compiler.err.not.within.bounds, compiler.err.not.within.bounds;false;true;true;true;FORMAL_TYPE_PARAMETER_CHANGED;false;true;true;true;JApiCompatibilityChange{type=CLASS_GENERIC_TEMPLATE_CHANGED};false;true;true;true;formal type parameter changed
genericsClazzMethodTypeSwap;false;false;;false;false;true;true;;false;false;true;true;;false;false;true;true;
genericsWildcardsClazzConstructorParamLowerBoundsGeneralization;false;true;Compiler: compiler.err.prob.found.req;false;true;true;true;EXECUTABLE_PARAMETER_GENERICS_CHANGED;false;false;true;false;;false;true;true;true;type parameter of method parameter changed
genericsClazzMethodTypeDeleteN;false;true;Compiler: compiler.err.name.clash.same.erasure.no.override, compiler.err.method.does.not.override.superclass;false;true;true;true;FORMAL_TYPE_PARAMETER_REMOVED;false;true;true;true;JApiCompatibilityChange{type=CLASS_GENERIC_TEMPLATE_CHANGED};false;true;true;true;formal type parameter removed
accessModifierClazzNestedClazzAccessIncreasePrivateToProtected;false;false;;false;false;true;true;;false;false;true;true;;false;true;true;false;visibility increased, visibility increased
accessModifierClazzNestedIfazeAccessIncreaseProtectedToPublic;false;false;;false;false;true;true;;false;false;true;true;;false;false;true;true;visibility increased
genericsIfazeMethodTypeBoundsDeleteN;false;true;Compiler: compiler.err.does.not.override.abstract, compiler.err.name.clash.same.erasure.no.override, compiler.err.method.does.not.override.superclass;false;true;true;true;FORMAL_TYPE_PARAMETER_CHANGED;false;true;true;true;JApiCompatibilityChange{type=CLASS_GENERIC_TEMPLATE_CHANGED};false;true;true;true;formal type parameter changed
genericsClazzMethodTypeBoundsDeleteSecond;false;true;Compiler: compiler.err.name.clash.same.erasure.no.override, compiler.err.method.does.not.override.superclass;false;true;true;true;FORMAL_TYPE_PARAMETER_CHANGED;false;false;true;false;;false;true;true;true;formal type parameter changed
genericsWildcardsClazzConstructorParamUpperBoundsSpecialization;false;true;Compiler: compiler.err.prob.found.req;false;true;true;true;EXECUTABLE_PARAMETER_GENERICS_CHANGED;false;false;true;false;;false;true;true;true;type parameter of method parameter changed
modifierMethodNativeToNonNative;false;false;;false;false;true;true;;false;false;true;true;;false;false;true;true;
accessModifierClazzMethodAccessIncreaseNonToPublic;false;false;;false;false;true;true;;false;false;true;true;;false;true;true;false;visibility increased
dataTypeIfazeMethodReturnTypeSpecialization;true;true;Compiler: compiler.err.does.not.override.abstract, compiler.err.override.incompatible.ret, compiler.err.method.does.not.override.superclassLinker: Exception in thread "main" java.lang.NoSuchMethodError: 'java.lang.Number testing_lib.dataTypeIfazeMethodReturnTypeSpecialization.DataTypeIfazeMethodReturnTypeSpecialization.method1()';true;true;true;true;METHOD_RETURN_TYPE_ERASURE_CHANGED, METHOD_RETURN_TYPE_CHANGED_INCOMPATIBLE;true;true;true;true;JApiCompatibilityChange{type=METHOD_RETURN_TYPE_CHANGED};true;false;true;false;return type changed covariantly
genericsWildcardsClazzConstructorParamLowerBoundsAdd;false;true;Compiler: compiler.err.prob.found.req;false;true;true;true;EXECUTABLE_PARAMETER_GENERICS_CHANGED;false;false;true;false;;false;true;true;true;type parameter of method parameter changed
accessModifierClazzNestedIfazeAccessDecreasePublicToPrivate;true;true;Compiler: compiler.err.report.access, compiler.err.report.access, compiler.err.report.accessLinker: Error: LinkageError occurred while loading main class accessModifierClazzNestedIfazeAccessDecreasePublicToPrivate.Main;true;true;true;true;TYPE_REMOVED;true;true;true;true;JApiCompatibilityChange{type=CLASS_NO_LONGER_PUBLIC}, JApiCompatibilityChange{type=CLASS_LESS_ACCESSIBLE};true;true;true;true;visibility reduced
modifierMethodNonNativeToNative;false;false;;false;false;true;true;;false;false;true;true;;false;false;true;true;
accessModifierClazzNestedIfazeAccessDecreaseProtectedToNon;true;true;Compiler: compiler.err.not.def.public.cant.accessLinker: Exception in thread "main" java.lang.IllegalAccessError: class accessModifierClazzNestedIfazeAccessDecreaseProtectedToNon.Main$1 cannot access its superinterface testing_lib.accessModifierClazzNestedIfazeAccessDecreaseProtectedToNon.AccessModifierClazzNestedIfazeAccessDecreaseProtectedToNon$Ifaze (accessModifierClazzNestedIfazeAccessDecreaseProtectedToNon.Main$1 and testing_lib.accessModifierClazzNestedIfazeAccessDecreaseProtectedToNon.AccessModifierClazzNestedIfazeAccessDecreaseProtectedToNon$Ifaze are in unnamed module of loader 'app');true;true;true;true;TYPE_REMOVED;true;true;true;true;JApiCompatibilityChange{type=CLASS_LESS_ACCESSIBLE};true;true;true;true;visibility reduced
accessModifierClazzMethodAccessDecreasePublicToPrivate;true;true;Compiler: compiler.err.report.accessLinker: Exception in thread "main" java.lang.IllegalAccessError: class accessModifierClazzMethodAccessDecreasePublicToPrivate.Main tried to access private method 'void testing_lib.accessModifierClazzMethodAccessDecreasePublicToPrivate.AccessModifierClazzMethodAccessDecreasePublicToPrivate.method()' (accessModifierClazzMethodAccessDecreasePublicToPrivate.Main and testing_lib.accessModifierClazzMethodAccessDecreasePublicToPrivate.AccessModifierClazzMethodAccessDecreasePublicToPrivate are in unnamed module of loader 'app');true;true;true;true;EXECUTABLE_REMOVED;true;true;true;true;JApiCompatibilityChange{type=METHOD_LESS_ACCESSIBLE};true;true;true;true;visibility reduced
accessModifierClazzNestedIfazeAccessIncreasePrivateToProtected;false;false;;false;false;true;true;;false;false;true;true;;false;false;true;true;visibility increased
accessModifierIfazeMethodAccessDecreasePublicToNon;false;false;;false;false;true;true;;false;false;true;true;;false;false;true;true;
accessModifierClazzNestedClazzAccessDecreaseNonToPrivate;false;false;;false;false;true;true;;true;true;false;false;JApiCompatibilityChange{type=CONSTRUCTOR_LESS_ACCESSIBLE}, JApiCompatibilityChange{type=CLASS_NOW_NOT_EXTENDABLE}, JApiCompatibilityChange{type=CLASS_LESS_ACCESSIBLE};false;false;true;true;
accessModifierClazzMethodAccessIncreasePrivateToPublic;false;false;;false;false;true;true;;false;false;true;true;;false;true;true;false;visibility increased
genericsClazzTypeAddN;false;false;;false;false;true;true;;false;true;true;false;JApiCompatibilityChange{type=CLASS_GENERIC_TEMPLATE_CHANGED};false;true;true;false;element now parameterized, formal type parameter added
genericsClazzMethodTypeDeleteSecond;false;true;Compiler: compiler.err.cant.apply.symbol.noargs, compiler.err.name.clash.same.erasure.no.override, compiler.err.method.does.not.override.superclass;false;true;true;true;FORMAL_TYPE_PARAMETER_REMOVED;false;true;true;true;JApiCompatibilityChange{type=CLASS_GENERIC_TEMPLATE_CHANGED};false;true;true;true;formal type parameter removed
genericsWildcardsClazzConstructorParamUpperBoundsMutation;false;true;Compiler: compiler.err.prob.found.req;false;true;true;true;EXECUTABLE_PARAMETER_GENERICS_CHANGED;false;false;true;false;;false;true;true;true;type parameter of method parameter changed
accessModifierIfazeFieldAccessDecreasePublicToNon;false;false;;false;false;true;true;;false;false;true;true;;false;false;true;true;
accessModifierClazzNestedClazzAccessIncreasePrivateToPublic;false;false;;false;false;true;true;;false;false;true;true;;false;true;true;false;visibility increased, visibility increased
genericsWildcardsClazzConstructorParamUpperBoundsToLowerBounds;false;true;Compiler: compiler.err.prob.found.req;false;true;true;true;EXECUTABLE_PARAMETER_GENERICS_CHANGED;false;false;true;false;;false;true;true;true;type parameter of method parameter changed
accessModifierClazzNestedIfazeAccessDecreaseProtectedToPrivate;true;true;Compiler: compiler.err.report.access, compiler.err.report.accessLinker: Exception in thread "main" java.lang.IllegalAccessError: class accessModifierClazzNestedIfazeAccessDecreaseProtectedToPrivate.Main$1 cannot access its superinterface testing_lib.accessModifierClazzNestedIfazeAccessDecreaseProtectedToPrivate.AccessModifierClazzNestedIfazeAccessDecreaseProtectedToPrivate$Ifaze (accessModifierClazzNestedIfazeAccessDecreaseProtectedToPrivate.Main$1 and testing_lib.accessModifierClazzNestedIfazeAccessDecreaseProtectedToPrivate.AccessModifierClazzNestedIfazeAccessDecreaseProtectedToPrivate$Ifaze are in unnamed module of loader 'app');true;true;true;true;TYPE_REMOVED;true;true;true;true;JApiCompatibilityChange{type=CLASS_LESS_ACCESSIBLE};true;true;true;true;visibility reduced
modifierMethodNonAbstractToAbstract;true;true;Compiler: compiler.err.does.not.override.abstractLinker: Exception in thread "main" java.lang.AbstractMethodError: Receiver class modifierMethodNonAbstractToAbstract.Main does not define or inherit an implementation of the resolved method 'abstract void method1()' of abstract class testing_lib.modifierMethodNonAbstractToAbstract.ModifierMethodNonAbstractToAbstract.;true;true;true;true;METHOD_NOW_ABSTRACT;true;true;true;true;JApiCompatibilityChange{type=METHOD_NOW_ABSTRACT};true;true;true;true;Method now abstract
accessModifierClazzMethodAccessDecreasePublicToProtected;true;true;Compiler: compiler.err.report.accessLinker: Caused by: java.lang.VerifyError: Bad access to protected data in invokevirtual;true;true;true;true;EXECUTABLE_NOW_PROTECTED;true;true;true;true;JApiCompatibilityChange{type=METHOD_LESS_ACCESSIBLE};true;true;true;true;visibility reduced
accessModifierClazzMethodAccessDecreaseProtectedToNon;true;true;Compiler: compiler.err.cant.resolve.location.argsLinker: Exception in thread "main" java.lang.IllegalAccessError: class accessModifierClazzMethodAccessDecreaseProtectedToNon.Main tried to access method 'void testing_lib.accessModifierClazzMethodAccessDecreaseProtectedToNon.AccessModifierClazzMethodAccessDecreaseProtectedToNon.method()' (accessModifierClazzMethodAccessDecreaseProtectedToNon.Main and testing_lib.accessModifierClazzMethodAccessDecreaseProtectedToNon.AccessModifierClazzMethodAccessDecreaseProtectedToNon are in unnamed module of loader 'app');true;true;true;true;EXECUTABLE_REMOVED;true;true;true;true;JApiCompatibilityChange{type=METHOD_LESS_ACCESSIBLE};true;true;true;true;visibility reduced
accessModifierClazzMethodAccessIncreasePrivateToNon;false;false;;false;false;true;true;;false;false;true;true;;false;false;true;true;
accessModifierClazzNestedIfazeAccessDecreasePublicToProtected;false;true;Compiler: compiler.err.report.access;true;true;false;true;TYPE_NOW_PROTECTED;true;true;false;true;JApiCompatibilityChange{type=CLASS_NO_LONGER_PUBLIC}, JApiCompatibilityChange{type=CLASS_LESS_ACCESSIBLE};true;true;false;true;visibility reduced
dataTypeIfazeMethodReturnTypeUnboxing;true;true;Compiler: compiler.err.does.not.override.abstract, compiler.err.override.incompatible.ret, compiler.err.method.does.not.override.superclassLinker: Exception in thread "main" java.lang.NoSuchMethodError: 'java.lang.Integer testing_lib.dataTypeIfazeMethodReturnTypeUnboxing.DataTypeIfazeMethodReturnTypeUnboxing.method1()';true;true;true;true;METHOD_RETURN_TYPE_ERASURE_CHANGED, METHOD_RETURN_TYPE_CHANGED_INCOMPATIBLE;true;true;true;true;JApiCompatibilityChange{type=METHOD_RETURN_TYPE_CHANGED};true;true;true;true;return type changed
accessModifierClazzNestedClazzAccessDecreasePublicToPrivate;true;true;Compiler: compiler.err.report.accessLinker: Exception in thread "main" java.lang.IllegalAccessError: failed to access class testing_lib.accessModifierClazzNestedClazzAccessDecreasePublicToPrivate.AccessModifierClazzNestedClazzAccessDecreasePublicToPrivate$Clazz from class accessModifierClazzNestedClazzAccessDecreasePublicToPrivate.Main (testing_lib.accessModifierClazzNestedClazzAccessDecreasePublicToPrivate.AccessModifierClazzNestedClazzAccessDecreasePublicToPrivate$Clazz and accessModifierClazzNestedClazzAccessDecreasePublicToPrivate.Main are in unnamed module of loader 'app');true;true;true;true;TYPE_REMOVED;true;true;true;true;JApiCompatibilityChange{type=CONSTRUCTOR_LESS_ACCESSIBLE}, JApiCompatibilityChange{type=CLASS_NOW_NOT_EXTENDABLE}, JApiCompatibilityChange{type=CLASS_NO_LONGER_PUBLIC}, JApiCompatibilityChange{type=CLASS_LESS_ACCESSIBLE};true;true;true;true;visibility reduced, visibility reduced
genericsWildcardsClazzConstructorParamLowerBoundsDelete;false;false;;false;false;true;true;;false;false;true;true;;false;true;true;false;type parameter of method parameter changed
accessModifierIfazeMethodAccessIncreaseNonToPublic;false;false;;false;false;true;true;;false;false;true;true;;false;false;true;true;
accessModifierClazzMethodAccessIncreaseProtectedToPublic;false;false;;false;false;true;true;;false;false;true;true;;false;true;true;false;visibility increased
accessModifierClazzNestedClazzAccessIncreaseProtectedToPublic;false;false;;false;false;true;true;;false;false;true;true;;false;true;true;false;visibility increased, visibility increased
accessModifierClazzMethodAccessDecreaseProtectedToPrivate;true;true;Compiler: compiler.err.cant.resolve.location.argsLinker: Exception in thread "main" java.lang.IllegalAccessError: class accessModifierClazzMethodAccessDecreaseProtectedToPrivate.Main tried to access private method 'void testing_lib.accessModifierClazzMethodAccessDecreaseProtectedToPrivate.AccessModifierClazzMethodAccessDecreaseProtectedToPrivate.method()' (accessModifierClazzMethodAccessDecreaseProtectedToPrivate.Main and testing_lib.accessModifierClazzMethodAccessDecreaseProtectedToPrivate.AccessModifierClazzMethodAccessDecreaseProtectedToPrivate are in unnamed module of loader 'app');true;true;true;true;EXECUTABLE_REMOVED;true;true;true;true;JApiCompatibilityChange{type=METHOD_LESS_ACCESSIBLE};true;true;true;true;visibility reduced
accessModifierClazzMethodAccessIncreaseNonToProtected;false;false;;false;false;true;true;;false;false;true;true;;false;true;true;false;visibility increased
accessModifierClazzMethodAccessIncreasePrivateToProtected;false;false;;false;false;true;true;;false;false;true;true;;false;true;true;false;visibility increased
accessModifierClazzMethodAccessDecreasePublicToNon;true;true;Compiler: compiler.err.not.def.public.cant.accessLinker: Exception in thread "main" java.lang.IllegalAccessError: class accessModifierClazzMethodAccessDecreasePublicToNon.Main tried to access method 'void testing_lib.accessModifierClazzMethodAccessDecreasePublicToNon.AccessModifierClazzMethodAccessDecreasePublicToNon.method()' (accessModifierClazzMethodAccessDecreasePublicToNon.Main and testing_lib.accessModifierClazzMethodAccessDecreasePublicToNon.AccessModifierClazzMethodAccessDecreasePublicToNon are in unnamed module of loader 'app');true;true;true;true;EXECUTABLE_REMOVED;true;true;true;true;JApiCompatibilityChange{type=METHOD_LESS_ACCESSIBLE};true;true;true;true;visibility reduced
