case;GroundTruth_bin;GroundTruth_src;GroundTruth_message;roseau_bin;roseau_src;correct_roseau_bin;correct_roseau_src;roseau_message;japicmp_bin;japicmp_src;correct_japicmp_bin;correct_japicmp_src;japicmp_message;revapi_bin;revapi_src;correct_revapi_bin;correct_revapi_src;revapi_message
TypeRemovedTest_class_public_kept;false;false;;false;false;true;true;;false;false;true;true;;false;false;true;true;
SealedHierarchyExtensibilityTest_parameter_generics_changed_in_sealed_class_with_non_sealed_subclass;false;true;Compiler: compiler.err.name.clash.same.erasure.no.override, compiler.err.method.does.not.override.superclass;false;true;true;true;EXECUTABLE_PARAMETER_GENERICS_CHANGED, EXECUTABLE_PARAMETER_GENERICS_CHANGED;false;false;true;false;;false;true;true;true;type parameter of method parameter changed
SealedHierarchyExtensibilityTest_default_method_now_abstract_in_sealed_interface_with_non_sealed_subinterface;false;true;Compiler: compiler.err.does.not.override.abstract;true;true;false;true;METHOD_NOW_ABSTRACT, METHOD_NOW_ABSTRACT;true;true;false;true;JApiCompatibilityChange{type=METHOD_NOW_ABSTRACT};true;true;false;true;method no longer default, Method now abstract
TypeNewAbstractMethodTest_method_added_to_interface;false;true;Compiler: compiler.err.does.not.override.abstract;false;true;true;true;TYPE_NEW_ABSTRACT_METHOD;false;true;true;true;JApiCompatibilityChange{type=METHOD_ADDED_TO_INTERFACE};false;true;true;true;method added to interface
MethodReturnTypeChangedTest_type_formal_type_parameter_renamed_direct_return_no_break;false;false;;false;false;true;true;;false;true;true;false;JApiCompatibilityChange{type=CLASS_GENERIC_TEMPLATE_CHANGED};false;false;true;true;
TypeNowSealedTest_abstract_method_added_while_interface_becomes_sealed;false;true;Compiler: compiler.err.local.classes.cant.extend.sealed;true;true;false;true;TYPE_NOW_SEALED;false;true;true;true;JApiCompatibilityChange{type=METHOD_ADDED_TO_INTERFACE}, JApiCompatibilityChange{type=METHOD_ADDED_TO_PUBLIC_CLASS}, JApiCompatibilityChange{type=INTERFACE_ADDED};false;true;true;true;method added to interface
ExecutableNoLongerThrowsCheckedExceptionTest_method_no_longer_throws_error;false;false;;false;false;true;true;;false;false;true;true;;false;false;true;true;Method no longer throws runtime exceptions
TypeRemovedTest_class_public_moved;true;true;Compiler: compiler.err.cant.resolve.locationLinker: Exception in thread "main" java.lang.NoClassDefFoundError: TypeRemovedTest_class_public_moved/A;true;true;true;true;TYPE_REMOVED;true;true;true;true;JApiCompatibilityChange{type=CONSTRUCTOR_REMOVED}, JApiCompatibilityChange{type=SUPERCLASS_REMOVED}, JApiCompatibilityChange{type=CLASS_REMOVED};true;true;true;true;class removed, class added
TypeSupertypeRemovedTest_private_superclass_removed;false;false;;false;false;true;true;;true;true;false;false;JApiCompatibilityChange{type=SUPERCLASS_REMOVED};true;true;false;false;removed super class
MethodReturnTypeChangedTest_subtype_type_parameter_final_no_break;false;false;;false;false;true;true;;false;false;true;true;;false;true;true;false;return type changed type parameter
SealedHierarchyExtensibilityTest_protected_field_removed_from_sealed_class_with_non_sealed_subclass;false;true;Compiler: compiler.err.cant.resolve.location;true;true;false;true;FIELD_REMOVED, FIELD_REMOVED;true;true;false;true;JApiCompatibilityChange{type=FIELD_REMOVED}, JApiCompatibilityChange{type=FIELD_REMOVED_IN_SUPERCLASS};true;true;false;true;field removed
MethodReturnTypeChangedTest_generic_erasure_change_final_binary_only;true;false;Linker: Exception in thread "main" java.lang.NoSuchMethodError: 'java.util.List MethodReturnTypeChangedTest_generic_erasure_change_final_binary_only.A.m()';true;false;true;true;METHOD_RETURN_TYPE_ERASURE_CHANGED;true;true;true;false;JApiCompatibilityChange{type=METHOD_RETURN_TYPE_CHANGED};true;false;true;true;return type changed covariantly
SealedHierarchyExtensibilityTest_method_now_abstract_in_sealed_class_with_non_sealed_subclass;false;true;Compiler: compiler.err.does.not.override.abstract;true;true;false;true;METHOD_NOW_ABSTRACT, METHOD_NOW_ABSTRACT;true;true;false;true;JApiCompatibilityChange{type=METHOD_NOW_ABSTRACT};true;true;false;true;Method now abstract
TypeNewAbstractMethodTest_method_added_to_interface_indirect;false;true;Compiler: compiler.err.does.not.override.abstract;false;true;true;true;TYPE_NEW_ABSTRACT_METHOD, TYPE_NEW_ABSTRACT_METHOD;false;true;true;true;JApiCompatibilityChange{type=METHOD_ADDED_TO_INTERFACE};false;true;true;true;method added to interface
MethodReturnTypeChangedTest_array_subtype_non_final_binary_and_source;true;true;Compiler: compiler.err.override.incompatible.ret, compiler.err.method.does.not.override.superclassLinker: Exception in thread "main" java.lang.NoSuchMethodError: 'java.io.InputStream[] MethodReturnTypeChangedTest_array_subtype_non_final_binary_and_source.A.m()';true;true;true;true;METHOD_RETURN_TYPE_ERASURE_CHANGED, METHOD_RETURN_TYPE_CHANGED_INCOMPATIBLE;true;true;true;true;JApiCompatibilityChange{type=METHOD_RETURN_TYPE_CHANGED};true;false;true;false;return type changed covariantly
ExecutableNoLongerThrowsCheckedExceptionTest_method_no_longer_throws_type_parameter_method;false;true;Compiler: compiler.err.except.never.thrown.in.try;false;true;true;true;EXECUTABLE_NO_LONGER_THROWS_CHECKED_EXCEPTION;false;true;true;true;JApiCompatibilityChange{type=METHOD_NO_LONGER_THROWS_CHECKED_EXCEPTION};false;false;true;false;
MethodReturnTypeChangedTest_type_formal_type_parameter_renamed_nested_return_no_break;false;false;;false;false;true;true;;false;true;true;false;JApiCompatibilityChange{type=CLASS_GENERIC_TEMPLATE_CHANGED};false;false;true;true;
TypeNowSealedTest_already_unsubclassable_class_now_sealed;false;false;;false;false;true;true;;false;false;true;true;;false;false;true;true;
TypeRemovedTest_class_public_removed;true;true;Compiler: compiler.err.doesnt.exist, compiler.err.cant.resolve.locationLinker: Exception in thread "main" java.lang.NoClassDefFoundError: TypeRemovedTest_class_public_removed/A;true;true;true;true;TYPE_REMOVED;true;true;true;true;JApiCompatibilityChange{type=CONSTRUCTOR_REMOVED}, JApiCompatibilityChange{type=SUPERCLASS_REMOVED}, JApiCompatibilityChange{type=CLASS_REMOVED};true;true;true;true;class removed
ExecutableNoLongerThrowsCheckedExceptionTest_method_no_longer_throws_indirect;false;true;Compiler: compiler.err.except.never.thrown.in.try;false;true;true;true;EXECUTABLE_NO_LONGER_THROWS_CHECKED_EXCEPTION, EXECUTABLE_NO_LONGER_THROWS_CHECKED_EXCEPTION;false;true;true;true;JApiCompatibilityChange{type=METHOD_NO_LONGER_THROWS_CHECKED_EXCEPTION};false;true;true;true;Method no longer throws checked exceptions
MethodReturnTypeChangedTest_inherited_members_are_type_parameter_substituted;false;true;Compiler: compiler.err.prob.found.req;true;true;false;true;METHOD_RETURN_TYPE_ERASURE_CHANGED, METHOD_RETURN_TYPE_CHANGED_INCOMPATIBLE;false;false;true;false;;true;true;false;true;type parameters of super-type changed
TypeSupertypeRemovedTest_private_superclass_removed_indirect;false;false;;false;false;true;true;;true;true;false;false;JApiCompatibilityChange{type=SUPERCLASS_REMOVED};true;true;false;false;removed super class, removed super class
MethodReturnTypeChangedTest_subtype_type_parameter_non_final_source_only;false;true;Compiler: compiler.err.override.incompatible.ret, compiler.err.method.does.not.override.superclass;false;true;true;true;METHOD_RETURN_TYPE_CHANGED_INCOMPATIBLE;false;false;true;false;;false;true;true;true;return type changed type parameter
SealedHierarchyExtensibilityTest_method_now_final_in_sealed_class_with_exported_non_sealed_descendant;false;true;Compiler: compiler.err.override.meth;true;true;false;true;METHOD_NOW_FINAL, METHOD_NOW_FINAL;true;true;false;true;JApiCompatibilityChange{type=METHOD_NOW_FINAL};true;true;false;true;method now final
SealedHierarchyExtensibilityTest_protected_method_removed_from_sealed_class_with_non_sealed_subclass;false;true;Compiler: compiler.err.cant.resolve.location.args;true;true;false;true;EXECUTABLE_REMOVED, EXECUTABLE_REMOVED;true;true;false;true;JApiCompatibilityChange{type=METHOD_REMOVED}, JApiCompatibilityChange{type=METHOD_REMOVED_IN_SUPERCLASS};true;true;false;true;method removed
TypeNewAbstractMethodTest_method_added_to_sealed_interface;false;false;;false;false;true;true;;false;true;true;false;JApiCompatibilityChange{type=METHOD_ADDED_TO_INTERFACE}, JApiCompatibilityChange{type=METHOD_ADDED_TO_PUBLIC_CLASS};false;true;true;false;method added to interface
MethodReturnTypeChangedTest_unboxing_non_final_binary_and_source;true;true;Compiler: compiler.err.override.incompatible.ret, compiler.err.method.does.not.override.superclassLinker: Exception in thread "main" java.lang.NoSuchMethodError: 'java.lang.Integer MethodReturnTypeChangedTest_unboxing_non_final_binary_and_source.A.m()';true;true;true;true;METHOD_RETURN_TYPE_ERASURE_CHANGED, METHOD_RETURN_TYPE_CHANGED_INCOMPATIBLE;true;true;true;true;JApiCompatibilityChange{type=METHOD_RETURN_TYPE_CHANGED};true;true;true;true;return type changed
MethodReturnTypeChangedTest_array_supertype_non_final_binary_and_source;true;true;Compiler: compiler.err.prob.found.reqLinker: Exception in thread "main" java.lang.NoSuchMethodError: 'java.io.FileInputStream[] MethodReturnTypeChangedTest_array_supertype_non_final_binary_and_source.A.m()';true;true;true;true;METHOD_RETURN_TYPE_ERASURE_CHANGED, METHOD_RETURN_TYPE_CHANGED_INCOMPATIBLE;true;true;true;true;JApiCompatibilityChange{type=METHOD_RETURN_TYPE_CHANGED};true;true;true;true;return type changed
ExecutableNoLongerThrowsCheckedExceptionTest_method_no_longer_throws_unchecked;false;false;;false;false;true;true;;false;false;true;true;;false;false;true;true;Method no longer throws runtime exceptions
TypeNowSealedTest_class_now_sealed;true;true;Compiler: compiler.err.local.classes.cant.extend.sealedLinker: Exception in thread "main" java.lang.IncompatibleClassChangeError: Failed same package check: non-public subclass client.TypeNowSealedTest_class_now_sealed.Main$1 is in package 'client/TypeNowSealedTest_class_now_sealed' with classloader 'app', and sealed class TypeNowSealedTest_class_now_sealed.A is in package 'TypeNowSealedTest_class_now_sealed' with classloader 'app';true;true;true;true;TYPE_NOW_SEALED;false;false;false;false;;false;false;false;false;
TypeRemovedTest_local_class_removed;false;false;;false;false;true;true;;true;true;false;false;JApiCompatibilityChange{type=CONSTRUCTOR_REMOVED}, JApiCompatibilityChange{type=SUPERCLASS_REMOVED}, JApiCompatibilityChange{type=CLASS_REMOVED};false;false;true;true;
ExecutableNoLongerThrowsCheckedExceptionTest_method_no_longer_throws_indirect_with_override_without_throws;false;true;Compiler: compiler.err.except.never.thrown.in.try;false;true;true;true;EXECUTABLE_NO_LONGER_THROWS_CHECKED_EXCEPTION;false;true;true;true;JApiCompatibilityChange{type=METHOD_NO_LONGER_THROWS_CHECKED_EXCEPTION};false;true;true;true;Method no longer throws checked exceptions
SealedHierarchyExtensibilityTest_return_type_changed_in_sealed_class_with_non_sealed_subclass;false;true;Compiler: compiler.err.override.incompatible.ret, compiler.err.method.does.not.override.superclass;false;true;true;true;METHOD_RETURN_TYPE_CHANGED_INCOMPATIBLE, METHOD_RETURN_TYPE_CHANGED_INCOMPATIBLE;false;false;true;false;;false;true;true;true;return type changed type parameter
MethodReturnTypeChangedTest_supertype_type_parameter_source_only;false;true;Compiler: compiler.err.prob.found.req;false;true;true;true;METHOD_RETURN_TYPE_CHANGED_INCOMPATIBLE;false;false;true;false;;false;true;true;true;return type changed type parameter
TypeSupertypeRemovedTest_public_interface_extended_removed_indirect;false;true;Compiler: compiler.err.prob.found.req;true;true;false;true;TYPE_SUPERTYPE_REMOVED;true;true;false;true;JApiCompatibilityChange{type=INTERFACE_REMOVED};true;true;false;true;class no longer implements interface
SealedHierarchyExtensibilityTest_method_now_final_in_sealed_class_with_internal_non_sealed_subclass;false;false;;false;false;true;true;;true;true;false;false;JApiCompatibilityChange{type=METHOD_NOW_FINAL};true;true;false;false;method now final
MethodReturnTypeChangedTest_boxing_final_binary_only;true;false;Linker: Exception in thread "main" java.lang.NoSuchMethodError: 'int MethodReturnTypeChangedTest_boxing_final_binary_only.A.m()';true;false;true;true;METHOD_RETURN_TYPE_ERASURE_CHANGED;true;true;true;false;JApiCompatibilityChange{type=METHOD_RETURN_TYPE_CHANGED};true;true;true;false;return type changed
TypeNewAbstractMethodTest_method_added_while_interface_becomes_unsealed;false;false;;false;false;true;true;;false;true;true;false;JApiCompatibilityChange{type=METHOD_ADDED_TO_INTERFACE}, JApiCompatibilityChange{type=METHOD_ADDED_TO_PUBLIC_CLASS};false;true;true;false;method added to interface
ExecutableNoLongerThrowsCheckedExceptionTest_method_now_throws_throwable_subtype;false;true;Compiler: compiler.err.override.meth.doesnt.throw;false;true;true;true;EXECUTABLE_NO_LONGER_THROWS_CHECKED_EXCEPTION;false;true;true;true;JApiCompatibilityChange{type=METHOD_NOW_THROWS_CHECKED_EXCEPTION};false;true;true;true;Method newly throws checked exceptions, Method no longer throws checked exceptions
MethodReturnTypeChangedTest_unrelated_type_parameters_source_only;false;true;Compiler: compiler.err.prob.found.req;false;true;true;true;METHOD_RETURN_TYPE_CHANGED_INCOMPATIBLE;false;false;true;false;;false;false;true;false;
TypeNowSealedTest_concrete_method_now_abstract_while_class_becomes_sealed;true;true;Compiler: compiler.err.local.classes.cant.extend.sealedLinker: Exception in thread "main" java.lang.IncompatibleClassChangeError: Failed same package check: non-public subclass client.TypeNowSealedTest_concrete_method_now_abstract_while_class_becomes_sealed.Main$1 is in package 'client/TypeNowSealedTest_concrete_method_now_abstract_while_class_becomes_sealed' with classloader 'app', and sealed class TypeNowSealedTest_concrete_method_now_abstract_while_class_becomes_sealed.A is in package 'TypeNowSealedTest_concrete_method_now_abstract_while_class_becomes_sealed' with classloader 'app';true;true;true;true;TYPE_NOW_SEALED;true;true;true;true;JApiCompatibilityChange{type=METHOD_NOW_ABSTRACT}, JApiCompatibilityChange{type=METHOD_ADDED_TO_PUBLIC_CLASS};true;true;true;true;Method now abstract
MethodReturnTypeChangedTest_inherited_members_are_type_parameter_substituted_jdk;false;true;Compiler: compiler.err.prob.found.req, compiler.err.prob.found.req;true;true;false;true;EXECUTABLE_REMOVED, EXECUTABLE_REMOVED, EXECUTABLE_PARAMETER_GENERICS_CHANGED, EXECUTABLE_PARAMETER_GENERICS_CHANGED, EXECUTABLE_REMOVED, EXECUTABLE_REMOVED, EXECUTABLE_PARAMETER_GENERICS_CHANGED, METHOD_RETURN_TYPE_ERASURE_CHANGED, METHOD_RETURN_TYPE_CHANGED_INCOMPATIBLE, METHOD_RETURN_TYPE_ERASURE_CHANGED, METHOD_RETURN_TYPE_CHANGED_INCOMPATIBLE, METHOD_RETURN_TYPE_ERASURE_CHANGED, METHOD_RETURN_TYPE_CHANGED_INCOMPATIBLE, METHOD_RETURN_TYPE_CHANGED_INCOMPATIBLE, METHOD_RETURN_TYPE_CHANGED_INCOMPATIBLE, METHOD_RETURN_TYPE_CHANGED_INCOMPATIBLE, METHOD_RETURN_TYPE_ERASURE_CHANGED, METHOD_RETURN_TYPE_CHANGED_INCOMPATIBLE, METHOD_RETURN_TYPE_ERASURE_CHANGED, METHOD_RETURN_TYPE_CHANGED_INCOMPATIBLE, EXECUTABLE_PARAMETER_GENERICS_CHANGED, METHOD_RETURN_TYPE_ERASURE_CHANGED, METHOD_RETURN_TYPE_CHANGED_INCOMPATIBLE, EXECUTABLE_PARAMETER_GENERICS_CHANGED, EXECUTABLE_REMOVED, EXECUTABLE_PARAMETER_GENERICS_CHANGED, METHOD_RETURN_TYPE_CHANGED_INCOMPATIBLE, METHOD_RETURN_TYPE_CHANGED_INCOMPATIBLE, METHOD_RETURN_TYPE_CHANGED_INCOMPATIBLE, METHOD_RETURN_TYPE_CHANGED_INCOMPATIBLE, METHOD_RETURN_TYPE_CHANGED_INCOMPATIBLE;false;false;true;false;;true;true;false;true;type parameter of method parameter changed, type parameter of method parameter changed, type parameter of method parameter changed, type parameter of method parameter changed, type parameter of method parameter changed, type parameter of method parameter changed, type parameter of method parameter changed, return type changed type parameter, return type changed type parameter, return type changed type parameter, return type changed type parameter, return type changed type parameter, return type changed type parameter, return type changed type parameter, return type changed type parameter, return type changed type parameter, type parameter of method parameter changed, return type changed type parameter, type parameter of method parameter changed, return type changed type parameter, type parameter of method parameter changed, return type changed type parameter, type parameter of method parameter changed, return type changed type parameter, return type changed type parameter, return type changed type parameter, class no longer implements interface, class no longer implements interface, class no longer implements interface, class no longer implements interface, class no longer implements interface, class no longer implements interface, class no longer implements interface, class no longer implements interface, class no longer implements interface, class no longer implements interface, type parameters of super-type changed
ExecutableNoLongerThrowsCheckedExceptionTest_method_no_longer_throws_one_of_multiple;false;true;Compiler: compiler.err.except.never.thrown.in.try;false;true;true;true;EXECUTABLE_NO_LONGER_THROWS_CHECKED_EXCEPTION;false;true;true;true;JApiCompatibilityChange{type=METHOD_NO_LONGER_THROWS_CHECKED_EXCEPTION};false;true;true;true;Method no longer throws checked exceptions
TypeSupertypeRemovedTest_external_superclass_removed;false;true;Compiler: compiler.err.prob.found.req;true;true;false;true;TYPE_SUPERTYPE_REMOVED, EXECUTABLE_REMOVED, FIELD_REMOVED, EXECUTABLE_REMOVED, EXECUTABLE_REMOVED, EXECUTABLE_REMOVED, EXECUTABLE_REMOVED, EXECUTABLE_REMOVED, EXECUTABLE_REMOVED, EXECUTABLE_REMOVED, EXECUTABLE_NOW_PROTECTED, EXECUTABLE_NOW_THROWS_CHECKED_EXCEPTION, EXECUTABLE_REMOVED, EXECUTABLE_REMOVED, EXECUTABLE_REMOVED, EXECUTABLE_REMOVED, EXECUTABLE_REMOVED, EXECUTABLE_REMOVED, EXECUTABLE_REMOVED, EXECUTABLE_REMOVED, EXECUTABLE_REMOVED, EXECUTABLE_REMOVED, EXECUTABLE_REMOVED, EXECUTABLE_REMOVED, EXECUTABLE_REMOVED, EXECUTABLE_REMOVED, EXECUTABLE_REMOVED, EXECUTABLE_REMOVED, EXECUTABLE_REMOVED, EXECUTABLE_REMOVED, EXECUTABLE_REMOVED, EXECUTABLE_REMOVED, EXECUTABLE_REMOVED, EXECUTABLE_REMOVED, EXECUTABLE_REMOVED, EXECUTABLE_REMOVED, EXECUTABLE_REMOVED, EXECUTABLE_REMOVED, EXECUTABLE_REMOVED, EXECUTABLE_REMOVED, EXECUTABLE_REMOVED, EXECUTABLE_REMOVED, EXECUTABLE_REMOVED, EXECUTABLE_REMOVED, EXECUTABLE_REMOVED, EXECUTABLE_REMOVED, EXECUTABLE_REMOVED, EXECUTABLE_REMOVED, EXECUTABLE_REMOVED, EXECUTABLE_REMOVED, EXECUTABLE_REMOVED, EXECUTABLE_REMOVED, EXECUTABLE_REMOVED, EXECUTABLE_REMOVED, EXECUTABLE_REMOVED, EXECUTABLE_REMOVED, EXECUTABLE_REMOVED, EXECUTABLE_REMOVED;true;true;false;true;JApiCompatibilityChange{type=INTERFACE_REMOVED}, JApiCompatibilityChange{type=INTERFACE_REMOVED}, JApiCompatibilityChange{type=INTERFACE_REMOVED}, JApiCompatibilityChange{type=INTERFACE_REMOVED}, JApiCompatibilityChange{type=INTERFACE_REMOVED}, JApiCompatibilityChange{type=INTERFACE_REMOVED}, JApiCompatibilityChange{type=INTERFACE_REMOVED}, JApiCompatibilityChange{type=SUPERCLASS_REMOVED};true;true;false;true;field removed, method removed, method removed, method removed, method removed, method removed, method removed, method removed, method removed, method removed, method removed, method removed, method removed, method removed, method removed, method removed, method removed, method removed, method removed, method removed, method removed, method removed, method removed, method removed, method removed, method removed, method removed, method removed, method removed, method removed, method removed, method removed, method removed, method removed, method removed, method removed, method removed, method removed, method removed, method removed, method removed, method removed, method removed, method removed, method removed, method removed, method removed, method removed, method removed, method removed, method removed, method removed, method removed, method removed, method removed, removed super class, removed super class, removed super class, class no longer implements interface, class no longer implements interface, class no longer implements interface, class no longer implements interface, class no longer implements interface, class no longer implements interface, class no longer implements interface, class no longer implements interface, class no longer implements interface, class no longer implements interface, class no longer implements interface, class no longer implements interface, class no longer implements interface
MethodReturnTypeChangedTest_type_bounded_param_added_and_used_as_direct_return_no_break;false;false;;false;false;true;true;;false;true;true;false;JApiCompatibilityChange{type=CLASS_GENERIC_TEMPLATE_CHANGED};false;true;true;false;return type changed type parameter, element now parameterized, formal type parameter added
TypeSupertypeRemovedTest_public_interface_removed;false;true;Compiler: compiler.err.prob.found.req;true;true;false;true;TYPE_SUPERTYPE_REMOVED;true;true;false;true;JApiCompatibilityChange{type=INTERFACE_REMOVED};true;true;false;true;class no longer implements interface
SealedHierarchyExtensibilityTest_thrown_exception_narrowed_in_sealed_class_with_non_sealed_subclass;false;true;Compiler: compiler.err.override.meth.doesnt.throw;false;true;true;true;EXECUTABLE_NO_LONGER_THROWS_CHECKED_EXCEPTION, EXECUTABLE_NO_LONGER_THROWS_CHECKED_EXCEPTION;false;true;true;true;JApiCompatibilityChange{type=METHOD_NO_LONGER_THROWS_CHECKED_EXCEPTION}, JApiCompatibilityChange{type=METHOD_NOW_THROWS_CHECKED_EXCEPTION};false;true;true;true;Method newly throws checked exceptions, Method no longer throws checked exceptions
SealedHierarchyExtensibilityTest_method_now_final_in_sealed_class_with_non_sealed_subclass;false;true;Compiler: compiler.err.override.meth;true;true;false;true;METHOD_NOW_FINAL, METHOD_NOW_FINAL;true;true;false;true;JApiCompatibilityChange{type=METHOD_NOW_FINAL};true;true;false;true;method now final
TypeNowProtectedTest_public_nested_type_now_protected;true;true;Compiler: compiler.err.report.access, compiler.err.report.accessLinker: Exception in thread "main" java.lang.IllegalAccessError: class client.TypeNowProtectedTest_public_nested_type_now_protected.Main tried to access protected method 'void TypeNowProtectedTest_public_nested_type_now_protected.A$B.<init>(TypeNowProtectedTest_public_nested_type_now_protected.A)' (client.TypeNowProtectedTest_public_nested_type_now_protected.Main and TypeNowProtectedTest_public_nested_type_now_protected.A$B are in unnamed module of loader 'app');true;true;true;true;TYPE_NOW_PROTECTED, EXECUTABLE_NOW_PROTECTED;true;true;true;true;JApiCompatibilityChange{type=CONSTRUCTOR_LESS_ACCESSIBLE}, JApiCompatibilityChange{type=CLASS_NO_LONGER_PUBLIC}, JApiCompatibilityChange{type=CLASS_LESS_ACCESSIBLE};true;true;true;true;Public constructor of abstract class now protected, visibility reduced
MethodReturnTypeChangedTest_boxing_non_final_binary_and_source;true;true;Compiler: compiler.err.override.incompatible.ret, compiler.err.method.does.not.override.superclassLinker: Exception in thread "main" java.lang.NoSuchMethodError: 'int MethodReturnTypeChangedTest_boxing_non_final_binary_and_source.A.m()';true;true;true;true;METHOD_RETURN_TYPE_ERASURE_CHANGED, METHOD_RETURN_TYPE_CHANGED_INCOMPATIBLE;true;true;true;true;JApiCompatibilityChange{type=METHOD_RETURN_TYPE_CHANGED};true;true;true;true;return type changed
ExecutableNoLongerThrowsCheckedExceptionTest_method_throws_another_checked;false;true;Compiler: compiler.err.except.never.thrown.in.try, compiler.err.unreported.exception.need.to.catch.or.throw;false;true;true;true;EXECUTABLE_NOW_THROWS_CHECKED_EXCEPTION, EXECUTABLE_NO_LONGER_THROWS_CHECKED_EXCEPTION;false;true;true;true;JApiCompatibilityChange{type=METHOD_NO_LONGER_THROWS_CHECKED_EXCEPTION}, JApiCompatibilityChange{type=METHOD_NOW_THROWS_CHECKED_EXCEPTION};false;true;true;true;Method newly throws checked exceptions, Method no longer throws checked exceptions
MethodReturnTypeChangedTest_void_to_int_on_final_method_is_binary_breaking_only;true;false;Linker: Exception in thread "main" java.lang.NoSuchMethodError: 'void MethodReturnTypeChangedTest_void_to_int_on_final_method_is_binary_breaking_only.A.m()';true;false;true;true;METHOD_RETURN_TYPE_ERASURE_CHANGED;true;true;true;false;JApiCompatibilityChange{type=METHOD_RETURN_TYPE_CHANGED};true;true;true;false;return type changed
MethodReturnTypeChangedTest_inherited_static_method_changed_binary_and_source;true;true;Compiler: compiler.err.prob.found.reqLinker: Exception in thread "main" java.lang.NoSuchMethodError: 'int MethodReturnTypeChangedTest_inherited_static_method_changed_binary_and_source.B.m()';true;true;true;true;METHOD_RETURN_TYPE_ERASURE_CHANGED, METHOD_RETURN_TYPE_CHANGED_INCOMPATIBLE;true;true;true;true;JApiCompatibilityChange{type=METHOD_RETURN_TYPE_CHANGED};true;true;true;true;return type changed
TypeNowSealedTest_default_method_does_not_become_final_when_interface_becomes_sealed;false;true;Compiler: compiler.err.local.classes.cant.extend.sealed;true;true;false;true;TYPE_NOW_SEALED;false;false;true;false;JApiCompatibilityChange{type=INTERFACE_ADDED};false;false;true;false;
TypeSupertypeRemovedTest_private_interface_removed;false;false;;false;false;true;true;;true;true;false;false;JApiCompatibilityChange{type=INTERFACE_REMOVED};true;true;false;false;class no longer implements interface
ExecutableNoLongerThrowsCheckedExceptionTest_method_no_longer_throws_throwable;false;true;Compiler: compiler.err.override.meth.doesnt.throw;false;true;true;true;EXECUTABLE_NO_LONGER_THROWS_CHECKED_EXCEPTION;false;false;true;false;;false;true;true;true;Method no longer throws checked exceptions
MethodReturnTypeChangedTest_type_first_param_added_and_used_as_direct_return_no_break;false;false;;false;false;true;true;;false;true;true;false;JApiCompatibilityChange{type=CLASS_GENERIC_TEMPLATE_CHANGED};false;true;true;false;return type changed type parameter, element now parameterized, formal type parameter added
TypeSupertypeRemovedTest_public_interface_removed_indirect;false;true;Compiler: compiler.err.prob.found.req;true;true;false;true;TYPE_SUPERTYPE_REMOVED;true;true;false;true;JApiCompatibilityChange{type=INTERFACE_REMOVED};true;true;false;true;class no longer implements interface
TypeKindChangedTest_class_to_enum;true;true;Compiler: compiler.err.enum.cant.be.instantiatedLinker: Exception in thread "main" java.lang.NoSuchMethodError: TypeKindChangedTest_class_to_enum.A: method 'void <init>()' not found;true;true;true;true;TYPE_KIND_CHANGED;true;true;true;true;JApiCompatibilityChange{type=METHOD_ADDED_TO_PUBLIC_CLASS}, JApiCompatibilityChange{type=METHOD_ADDED_TO_PUBLIC_CLASS}, JApiCompatibilityChange{type=CONSTRUCTOR_REMOVED}, JApiCompatibilityChange{type=SUPERCLASS_ADDED}, JApiCompatibilityChange{type=CLASS_NOW_NOT_EXTENDABLE}, JApiCompatibilityChange{type=INTERFACE_ADDED}, JApiCompatibilityChange{type=CLASS_TYPE_CHANGED};true;true;true;true;visibility reduced, method added, method added, method added, method added, method added, method added, method added, method added, new super class of non-final class, class kind changed, class now final
SealedHierarchyExtensibilityTest_method_now_static_in_sealed_class_with_non_sealed_subclass;false;true;Compiler: compiler.err.override.meth, compiler.err.method.does.not.override.superclass;true;true;false;true;METHOD_NOW_STATIC, METHOD_OVERRIDABLE_NOW_STATIC, METHOD_NOW_STATIC, METHOD_OVERRIDABLE_NOW_STATIC;true;true;false;true;JApiCompatibilityChange{type=METHOD_NOW_STATIC};true;false;false;false;method now static
TypeNowSealedTest_abstract_method_added_while_class_becomes_sealed;true;true;Compiler: compiler.err.local.classes.cant.extend.sealedLinker: Exception in thread "main" java.lang.IncompatibleClassChangeError: Failed same package check: non-public subclass client.TypeNowSealedTest_abstract_method_added_while_class_becomes_sealed.Main$1 is in package 'client/TypeNowSealedTest_abstract_method_added_while_class_becomes_sealed' with classloader 'app', and sealed class TypeNowSealedTest_abstract_method_added_while_class_becomes_sealed.A is in package 'TypeNowSealedTest_abstract_method_added_while_class_becomes_sealed' with classloader 'app';true;true;true;true;TYPE_NOW_SEALED;false;true;false;true;JApiCompatibilityChange{type=METHOD_ADDED_TO_PUBLIC_CLASS}, JApiCompatibilityChange{type=METHOD_ABSTRACT_ADDED_TO_CLASS}, JApiCompatibilityChange{type=METHOD_ADDED_TO_PUBLIC_CLASS};true;true;true;true;abstract method added
ExecutableNoLongerThrowsCheckedExceptionTest_static_method_no_longer_throws;false;true;Compiler: compiler.err.except.never.thrown.in.try;false;true;true;true;EXECUTABLE_NO_LONGER_THROWS_CHECKED_EXCEPTION;false;true;true;true;JApiCompatibilityChange{type=METHOD_NO_LONGER_THROWS_CHECKED_EXCEPTION};false;true;true;true;Method no longer throws checked exceptions
MethodReturnTypeChangedTest_void_to_non_void_binary_and_source;true;true;Compiler: compiler.err.override.incompatible.ret, compiler.err.method.does.not.override.superclassLinker: Exception in thread "main" java.lang.NoSuchMethodError: 'void MethodReturnTypeChangedTest_void_to_non_void_binary_and_source.A.m()';true;true;true;true;METHOD_RETURN_TYPE_ERASURE_CHANGED, METHOD_RETURN_TYPE_CHANGED_INCOMPATIBLE;true;true;true;true;JApiCompatibilityChange{type=METHOD_RETURN_TYPE_CHANGED};true;true;true;true;return type changed
MethodReturnTypeChangedTest_changed_in_super_type_reports_on_subtype_too;true;true;Compiler: compiler.err.prob.found.reqLinker: Exception in thread "main" java.lang.NoSuchMethodError: 'int MethodReturnTypeChangedTest_changed_in_super_type_reports_on_subtype_too.B.m()';true;true;true;true;METHOD_RETURN_TYPE_ERASURE_CHANGED, METHOD_RETURN_TYPE_CHANGED_INCOMPATIBLE, METHOD_RETURN_TYPE_ERASURE_CHANGED, METHOD_RETURN_TYPE_CHANGED_INCOMPATIBLE;true;true;true;true;JApiCompatibilityChange{type=METHOD_RETURN_TYPE_CHANGED};true;true;true;true;return type changed
TypeNowSealedTest_default_method_now_abstract_while_interface_becomes_sealed;false;true;Compiler: compiler.err.local.classes.cant.extend.sealed;true;true;false;true;TYPE_NOW_SEALED;true;true;false;true;JApiCompatibilityChange{type=METHOD_NOW_ABSTRACT}, JApiCompatibilityChange{type=METHOD_ADDED_TO_PUBLIC_CLASS}, JApiCompatibilityChange{type=INTERFACE_ADDED};true;true;false;true;method no longer default, Method now abstract
MethodReturnTypeChangedTest_invariant_generic_argument_change_source_only;false;true;Compiler: compiler.err.prob.found.req;false;true;true;true;METHOD_RETURN_TYPE_CHANGED_INCOMPATIBLE;false;false;true;false;;false;true;true;true;return type changed type parameter
TypeSupertypeRemovedTest_private_interface_removed_indirect;false;false;;false;false;true;true;;true;true;false;false;JApiCompatibilityChange{type=INTERFACE_REMOVED};true;true;false;false;class no longer implements interface, class no longer implements interface
ExecutableNoLongerThrowsCheckedExceptionTest_method_no_longer_throws_type_parameter;false;true;Compiler: compiler.err.except.never.thrown.in.try;false;true;true;true;EXECUTABLE_NO_LONGER_THROWS_CHECKED_EXCEPTION;false;true;true;true;JApiCompatibilityChange{type=METHOD_NO_LONGER_THROWS_CHECKED_EXCEPTION};false;false;true;false;
TypeKindChangedTest_class_to_interface;true;true;Compiler: compiler.err.abstract.cant.be.instantiatedLinker: Exception in thread "main" java.lang.InstantiationError: TypeKindChangedTest_class_to_interface.A;true;true;true;true;TYPE_KIND_CHANGED;true;true;true;true;JApiCompatibilityChange{type=CONSTRUCTOR_REMOVED}, JApiCompatibilityChange{type=CLASS_NOW_ABSTRACT}, JApiCompatibilityChange{type=CLASS_TYPE_CHANGED};true;true;true;true;method removed, class kind changed, class now abstract
TypeSupertypeRemovedTest_public_superclass_removed;true;true;Compiler: compiler.err.prob.found.req, compiler.err.prob.found.reqLinker: Exception in thread "main" java.lang.VerifyError: Bad return type;true;true;true;true;TYPE_SUPERTYPE_REMOVED;true;true;true;true;JApiCompatibilityChange{type=SUPERCLASS_REMOVED};true;true;true;true;removed super class
MethodReturnTypeChangedTest_type_first_param_added_and_used_as_nested_return_no_break;false;false;;false;false;true;true;;false;true;true;false;JApiCompatibilityChange{type=CLASS_GENERIC_TEMPLATE_CHANGED};false;true;true;false;return type changed type parameter, element now parameterized, formal type parameter added
ExecutableNowThrowsCheckedExceptionTest_constructor_now_throws;false;true;Compiler: compiler.err.unreported.exception.need.to.catch.or.throw;false;true;true;true;EXECUTABLE_NOW_THROWS_CHECKED_EXCEPTION;false;true;true;true;JApiCompatibilityChange{type=METHOD_NOW_THROWS_CHECKED_EXCEPTION};false;true;true;true;Method newly throws checked exceptions
SealedHierarchyExtensibilityTest_abstract_method_added_to_sealed_interface_with_non_sealed_subinterface;false;true;Compiler: compiler.err.does.not.override.abstract;false;true;true;true;TYPE_NEW_ABSTRACT_METHOD, TYPE_NEW_ABSTRACT_METHOD;false;true;true;true;JApiCompatibilityChange{type=METHOD_ADDED_TO_INTERFACE};false;true;true;true;method added to interface
MethodReturnTypeChangedTest_covariant_specialization_of_inherited_generic_method;false;false;;false;false;true;true;;false;false;true;true;JApiCompatibilityChange{type=METHOD_ADDED_TO_PUBLIC_CLASS}, JApiCompatibilityChange{type=METHOD_ADDED_TO_PUBLIC_CLASS};true;false;false;true;return type changed covariantly, Method no longer abstract, inherited method moved to class
SealedHierarchyExtensibilityTest_method_type_parameter_changed_in_sealed_class_with_non_sealed_subclass;false;true;Compiler: compiler.err.name.clash.same.erasure.no.override, compiler.err.method.does.not.override.superclass;false;true;true;true;FORMAL_TYPE_PARAMETER_CHANGED, FORMAL_TYPE_PARAMETER_CHANGED;false;false;true;false;;false;true;true;true;type parameter of method parameter changed, formal type parameter changed
MethodReturnTypeChangedTest_method_bounded_param_added_and_used_as_direct_return_no_break;false;false;;false;false;true;true;;false;true;true;false;JApiCompatibilityChange{type=CLASS_GENERIC_TEMPLATE_CHANGED};false;true;true;false;return type changed type parameter, element now parameterized, formal type parameter added
TypeNowSealedTest_final_class_now_sealed;false;false;;false;false;true;true;;false;false;true;true;;false;false;true;true;class no longer final
ExecutableParameterGenericsChangedTest_upper_bounded_wildcard_widened;false;true;Compiler: compiler.err.name.clash.same.erasure.no.override, compiler.err.method.does.not.override.superclass;false;true;true;true;EXECUTABLE_PARAMETER_GENERICS_CHANGED;false;false;true;false;;false;true;true;true;type parameter of method parameter changed
FormalTypeParameterChangedTest_bound_changed_to_compatible_generic;false;false;;false;false;true;true;;false;true;true;false;JApiCompatibilityChange{type=CLASS_GENERIC_TEMPLATE_GENERICS_CHANGED};false;true;true;false;formal type parameter changed
FormalTypeParameterChangedTest_bound_changed_to_incompatible_generic;false;true;Compiler: compiler.err.not.within.bounds, compiler.err.prob.found.req;false;true;true;true;FORMAL_TYPE_PARAMETER_CHANGED;false;true;true;true;JApiCompatibilityChange{type=CLASS_GENERIC_TEMPLATE_GENERICS_CHANGED};false;true;true;true;formal type parameter changed
FormalTypeParameterAddedTest_method_second_param_added;false;true;Compiler: compiler.err.cant.apply.symbol.noargs;false;true;true;true;FORMAL_TYPE_PARAMETER_ADDED;false;true;true;true;JApiCompatibilityChange{type=CLASS_GENERIC_TEMPLATE_CHANGED};false;true;true;true;formal type parameter added
TypeSupertypeRemovedTest_public_superclass_removed_indirect;true;true;Compiler: compiler.err.prob.found.req, compiler.err.prob.found.reqLinker: Exception in thread "main" java.lang.VerifyError: Bad return type;true;true;true;true;TYPE_SUPERTYPE_REMOVED;true;true;true;true;JApiCompatibilityChange{type=SUPERCLASS_REMOVED};true;true;true;true;removed super class
ExecutableNowThrowsCheckedExceptionTest_constructor_now_throws_subtype;false;false;;false;false;true;true;;false;true;true;false;JApiCompatibilityChange{type=METHOD_NO_LONGER_THROWS_CHECKED_EXCEPTION}, JApiCompatibilityChange{type=METHOD_NOW_THROWS_CHECKED_EXCEPTION};false;true;true;false;Method newly throws checked exceptions, Method no longer throws checked exceptions
MethodReturnTypeChangedTest_primitive_widening_binary_and_source;true;true;Compiler: compiler.err.prob.found.reqLinker: Exception in thread "main" java.lang.NoSuchMethodError: 'int MethodReturnTypeChangedTest_primitive_widening_binary_and_source.A.m()';true;true;true;true;METHOD_RETURN_TYPE_ERASURE_CHANGED, METHOD_RETURN_TYPE_CHANGED_INCOMPATIBLE;true;true;true;true;JApiCompatibilityChange{type=METHOD_RETURN_TYPE_CHANGED};true;true;true;true;return type changed
FormalTypeParameterAddedTest_class_second_param_added;false;true;Compiler: compiler.err.wrong.number.type.args;false;true;true;true;FORMAL_TYPE_PARAMETER_ADDED;false;true;true;true;JApiCompatibilityChange{type=CLASS_GENERIC_TEMPLATE_CHANGED};false;true;true;true;formal type parameter added
ExecutableRemovedTest_class_constructor_now_private;true;true;Compiler: compiler.err.report.accessLinker: Exception in thread "main" java.lang.IllegalAccessError: class client.ExecutableRemovedTest_class_constructor_now_private.Main tried to access private method 'void ExecutableRemovedTest_class_constructor_now_private.A.<init>()' (client.ExecutableRemovedTest_class_constructor_now_private.Main and ExecutableRemovedTest_class_constructor_now_private.A are in unnamed module of loader 'app');true;true;true;true;CLASS_NOW_ABSTRACT, CLASS_NOW_FINAL, EXECUTABLE_REMOVED;true;true;true;true;JApiCompatibilityChange{type=CONSTRUCTOR_LESS_ACCESSIBLE}, JApiCompatibilityChange{type=CLASS_NOW_NOT_EXTENDABLE};true;true;true;true;visibility reduced
MethodReturnTypeChangedTest_method_first_param_added_and_used_as_direct_return_no_break;false;false;;false;false;true;true;;false;true;true;false;JApiCompatibilityChange{type=CLASS_GENERIC_TEMPLATE_CHANGED};false;true;true;false;return type changed type parameter, element now parameterized, formal type parameter added
MethodReturnTypeChangedTest_method_first_param_added_and_used_as_nested_return_no_break;false;false;;false;false;true;true;;false;true;true;false;JApiCompatibilityChange{type=CLASS_GENERIC_TEMPLATE_CHANGED};false;true;true;false;return type changed type parameter, element now parameterized, formal type parameter added
ExecutableParameterGenericsChangedTest_upper_bounded_wildcard_widened_final;false;false;;false;false;true;true;;false;false;true;true;;false;true;true;false;type parameter of method parameter changed
FormalTypeParameterChangedTest_bound_changed_to_incompatible_generic_super;false;true;Compiler: compiler.err.not.within.bounds, compiler.err.prob.found.req;false;true;true;true;FORMAL_TYPE_PARAMETER_CHANGED;false;true;true;true;JApiCompatibilityChange{type=CLASS_GENERIC_TEMPLATE_GENERICS_CHANGED};false;true;true;true;formal type parameter changed
FormalTypeParameterChangedTest_bound_changed_to_compatible_generic_super;false;false;;false;false;true;true;;false;true;true;false;JApiCompatibilityChange{type=CLASS_GENERIC_TEMPLATE_GENERICS_CHANGED};false;true;true;false;formal type parameter changed
FormalTypeParameterAddedTest_method_two_params_added_to_non_generic;false;false;;false;false;true;true;;false;true;true;false;JApiCompatibilityChange{type=CLASS_GENERIC_TEMPLATE_CHANGED};false;true;true;false;element now parameterized, formal type parameter added, formal type parameter added
TypeKindChangedTest_class_to_record;true;true;Compiler: compiler.err.cant.inherit.from.finalLinker: Exception in thread "main" java.lang.IncompatibleClassChangeError: class client.TypeKindChangedTest_class_to_record.Main$1 cannot inherit from final class TypeKindChangedTest_class_to_record.A;true;true;true;true;TYPE_KIND_CHANGED;true;true;true;true;JApiCompatibilityChange{type=METHOD_ADDED_TO_PUBLIC_CLASS}, JApiCompatibilityChange{type=METHOD_ADDED_TO_PUBLIC_CLASS}, JApiCompatibilityChange{type=METHOD_ADDED_TO_PUBLIC_CLASS}, JApiCompatibilityChange{type=SUPERCLASS_ADDED}, JApiCompatibilityChange{type=CLASS_NOW_NOT_EXTENDABLE};true;true;true;true;method in final class now final, inherited method moved to class, method in final class now final, inherited method moved to class, removed annotation, method in final class now final, inherited method moved to class, new super class of non-final class, class kind changed, class now final
MethodReturnTypeChangedTest_raw_subtype_to_parameterized_supertype_final_binary_only;true;false;Linker: Exception in thread "main" java.lang.NoSuchMethodError: 'java.util.List MethodReturnTypeChangedTest_raw_subtype_to_parameterized_supertype_final_binary_only.A.m()';true;false;true;true;METHOD_RETURN_TYPE_ERASURE_CHANGED;true;true;true;false;JApiCompatibilityChange{type=METHOD_RETURN_TYPE_CHANGED};true;false;true;true;return type changed covariantly
ExecutableRemovedTest_class_constructor_now_protected;true;true;Compiler: compiler.err.report.accessLinker: Exception in thread "main" java.lang.IllegalAccessError: class client.ExecutableRemovedTest_class_constructor_now_protected.Main tried to access protected method 'void ExecutableRemovedTest_class_constructor_now_protected.A.<init>(int)' (client.ExecutableRemovedTest_class_constructor_now_protected.Main and ExecutableRemovedTest_class_constructor_now_protected.A are in unnamed module of loader 'app');true;true;true;true;EXECUTABLE_NOW_PROTECTED;true;true;true;true;JApiCompatibilityChange{type=CONSTRUCTOR_LESS_ACCESSIBLE};false;false;false;false;Public constructor of abstract class now protected
FormalTypeParameterAddedTest_class_two_params_added_to_non_generic;false;false;;false;false;true;true;;false;true;true;false;JApiCompatibilityChange{type=CLASS_GENERIC_TEMPLATE_CHANGED};false;true;true;false;element now parameterized, formal type parameter added, formal type parameter added
MethodReturnTypeChangedTest_method_formal_type_parameter_renamed_direct_return_no_break;false;false;;false;false;true;true;;false;true;true;false;JApiCompatibilityChange{type=CLASS_GENERIC_TEMPLATE_CHANGED};false;false;true;true;
ExecutableRemovedTest_abstract_class_constructor_now_protected;false;false;;false;false;true;true;;true;true;false;false;JApiCompatibilityChange{type=CONSTRUCTOR_LESS_ACCESSIBLE};false;false;true;true;Public constructor of abstract class now protected
FormalTypeParameterAddedTest_type_bounded_param_added_and_used_as_method_parameter_type;false;false;;false;false;true;true;;false;true;true;false;JApiCompatibilityChange{type=CLASS_GENERIC_TEMPLATE_CHANGED};false;true;true;false;type parameter of method parameter changed, element now parameterized, formal type parameter added
FormalTypeParameterChangedTest_bound_changed_to_generic_subtype;false;true;Compiler: compiler.err.not.within.bounds, compiler.err.prob.found.req;false;true;true;true;FORMAL_TYPE_PARAMETER_CHANGED;false;true;true;true;JApiCompatibilityChange{type=CLASS_GENERIC_TEMPLATE_CHANGED}, JApiCompatibilityChange{type=CLASS_GENERIC_TEMPLATE_GENERICS_CHANGED};false;true;true;true;formal type parameter changed
FormalTypeParameterChangedTest_bound_changed_to_incompatible_subtype_super;false;true;Compiler: compiler.err.not.within.bounds, compiler.err.prob.found.req;false;true;true;true;FORMAL_TYPE_PARAMETER_CHANGED;false;true;true;true;JApiCompatibilityChange{type=CLASS_GENERIC_TEMPLATE_CHANGED}, JApiCompatibilityChange{type=CLASS_GENERIC_TEMPLATE_GENERICS_CHANGED};false;true;true;true;formal type parameter changed
TypeKindChangedTest_enum_to_class;true;true;Compiler: compiler.err.cant.resolve.location.argsLinker: Exception in thread "main" java.lang.NoSuchMethodError: 'TypeKindChangedTest_enum_to_class.A[] TypeKindChangedTest_enum_to_class.A.values()';true;true;true;true;TYPE_KIND_CHANGED;true;true;true;true;JApiCompatibilityChange{type=METHOD_REMOVED}, JApiCompatibilityChange{type=METHOD_REMOVED}, JApiCompatibilityChange{type=INTERFACE_REMOVED}, JApiCompatibilityChange{type=INTERFACE_REMOVED}, JApiCompatibilityChange{type=INTERFACE_REMOVED}, JApiCompatibilityChange{type=SUPERCLASS_REMOVED}, JApiCompatibilityChange{type=CLASS_TYPE_CHANGED};true;true;true;true;visibility increased, method removed, method removed, method removed, method removed, method removed, method removed, method removed, method removed, removed super class, class kind changed, class no longer final, class no longer implements interface, class no longer implements interface, class no longer implements interface
ExecutableRemovedTest_class_constructor_now_protected_default;true;true;Compiler: compiler.err.report.accessLinker: Exception in thread "main" java.lang.IllegalAccessError: class client.ExecutableRemovedTest_class_constructor_now_protected_default.Main tried to access protected method 'void ExecutableRemovedTest_class_constructor_now_protected_default.A.<init>()' (client.ExecutableRemovedTest_class_constructor_now_protected_default.Main and ExecutableRemovedTest_class_constructor_now_protected_default.A are in unnamed module of loader 'app');true;true;true;true;EXECUTABLE_NOW_PROTECTED;true;true;true;true;JApiCompatibilityChange{type=CONSTRUCTOR_LESS_ACCESSIBLE};false;false;false;false;Public constructor of abstract class now protected
MethodReturnTypeChangedTest_reference_subtype_final_binary_only;true;false;Linker: Exception in thread "main" java.lang.NoSuchMethodError: 'java.io.InputStream MethodReturnTypeChangedTest_reference_subtype_final_binary_only.A.m()';true;false;true;true;METHOD_RETURN_TYPE_ERASURE_CHANGED;true;true;true;false;JApiCompatibilityChange{type=METHOD_RETURN_TYPE_CHANGED};true;false;true;true;return type changed covariantly
FormalTypeParameterAddedTest_method_bounded_param_added_and_used_as_parameter_type;false;false;;false;false;true;true;;false;true;true;false;JApiCompatibilityChange{type=CLASS_GENERIC_TEMPLATE_CHANGED};false;true;true;false;type parameter of method parameter changed, element now parameterized, formal type parameter added
MethodReturnTypeChangedTest_method_formal_type_parameter_renamed_nested_return_no_break;false;false;;false;false;true;true;;false;true;true;false;JApiCompatibilityChange{type=CLASS_GENERIC_TEMPLATE_CHANGED};false;false;true;true;
ExecutableRemovedTest_abstract_class_default_constructor_now_protected;false;false;;false;false;true;true;;true;true;false;false;JApiCompatibilityChange{type=CONSTRUCTOR_LESS_ACCESSIBLE};false;false;true;true;Public constructor of abstract class now protected
FormalTypeParameterChangedTest_bound_changed_to_generic_supertype;false;false;;false;false;true;true;;false;true;true;false;JApiCompatibilityChange{type=CLASS_GENERIC_TEMPLATE_CHANGED}, JApiCompatibilityChange{type=CLASS_GENERIC_TEMPLATE_GENERICS_CHANGED};false;true;true;false;formal type parameter changed
FormalTypeParameterAddedTest_type_first_param_added_and_used_as_method_parameter_type;false;false;;false;false;true;true;;false;true;true;false;JApiCompatibilityChange{type=CLASS_GENERIC_TEMPLATE_CHANGED};false;true;true;false;type parameter of method parameter changed, element now parameterized, formal type parameter added
FormalTypeParameterChangedTest_bound_changed_to_incompatible_type_super;false;false;;false;false;true;true;;false;true;true;false;JApiCompatibilityChange{type=CLASS_GENERIC_TEMPLATE_CHANGED}, JApiCompatibilityChange{type=CLASS_GENERIC_TEMPLATE_GENERICS_CHANGED};false;true;true;false;formal type parameter changed
TypeKindChangedTest_enum_to_interface;true;true;Compiler: compiler.err.cant.resolve.location.argsLinker: Exception in thread "main" java.lang.IncompatibleClassChangeError: Method 'TypeKindChangedTest_enum_to_interface.A[] TypeKindChangedTest_enum_to_interface.A.values()' must be InterfaceMethodref constant;true;true;true;true;TYPE_KIND_CHANGED;true;true;true;true;JApiCompatibilityChange{type=METHOD_REMOVED}, JApiCompatibilityChange{type=METHOD_REMOVED}, JApiCompatibilityChange{type=INTERFACE_REMOVED}, JApiCompatibilityChange{type=INTERFACE_REMOVED}, JApiCompatibilityChange{type=INTERFACE_REMOVED}, JApiCompatibilityChange{type=SUPERCLASS_REMOVED}, JApiCompatibilityChange{type=CLASS_NOW_ABSTRACT}, JApiCompatibilityChange{type=CLASS_TYPE_CHANGED};true;true;true;true;method removed, method removed, method removed, method removed, method removed, method removed, method removed, method removed, removed super class, class kind changed, class no longer final, class no longer implements interface, class no longer implements interface, class no longer implements interface, class now abstract
ExecutableRemovedTest_class_default_constructor_now_explicit;false;false;;false;false;true;true;;false;false;true;true;;false;false;true;true;
MethodReturnTypeChangedTest_reference_subtype_non_final_binary_and_source;true;true;Compiler: compiler.err.override.incompatible.ret, compiler.err.method.does.not.override.superclassLinker: Exception in thread "main" java.lang.NoSuchMethodError: 'java.io.InputStream MethodReturnTypeChangedTest_reference_subtype_non_final_binary_and_source.A.m()';true;true;true;true;METHOD_RETURN_TYPE_ERASURE_CHANGED, METHOD_RETURN_TYPE_CHANGED_INCOMPATIBLE;true;true;true;true;JApiCompatibilityChange{type=METHOD_RETURN_TYPE_CHANGED};true;false;true;false;return type changed covariantly
FormalTypeParameterAddedTest_method_bounded_param_added_to_non_generic;false;false;;false;false;true;true;;false;true;true;false;JApiCompatibilityChange{type=CLASS_GENERIC_TEMPLATE_CHANGED};false;true;true;false;element now parameterized, formal type parameter added
MethodReturnTypeChangedTest_non_void_to_void_binary_and_source;true;true;Compiler: compiler.err.prob.found.reqLinker: Exception in thread "main" java.lang.NoSuchMethodError: 'int MethodReturnTypeChangedTest_non_void_to_void_binary_and_source.A.m()';true;true;true;true;METHOD_RETURN_TYPE_ERASURE_CHANGED, METHOD_RETURN_TYPE_CHANGED_INCOMPATIBLE;true;true;true;true;JApiCompatibilityChange{type=METHOD_RETURN_TYPE_CHANGED};true;true;true;true;return type changed
FormalTypeParameterChangedTest_bound_changed_to_generic_wildcard_extends;false;false;;false;false;true;true;;false;true;true;false;JApiCompatibilityChange{type=CLASS_GENERIC_TEMPLATE_GENERICS_CHANGED};false;true;true;false;formal type parameter changed
FormalTypeParameterChangedTest_bound_added;false;true;Compiler: compiler.err.not.within.bounds, compiler.err.prob.found.req;false;true;true;true;FORMAL_TYPE_PARAMETER_CHANGED;false;true;true;true;JApiCompatibilityChange{type=CLASS_GENERIC_TEMPLATE_CHANGED};false;true;true;true;formal type parameter changed
ExecutableRemovedTest_annotation_method_removed;false;true;Compiler: compiler.err.cant.resolve.location.args;true;true;false;true;EXECUTABLE_REMOVED;true;true;false;true;JApiCompatibilityChange{type=METHOD_REMOVED};true;true;false;true;method removed
TypeKindChangedTest_final_class_to_record;false;false;;true;true;false;false;TYPE_KIND_CHANGED;false;false;true;true;JApiCompatibilityChange{type=METHOD_ADDED_TO_PUBLIC_CLASS}, JApiCompatibilityChange{type=METHOD_ADDED_TO_PUBLIC_CLASS}, JApiCompatibilityChange{type=METHOD_ADDED_TO_PUBLIC_CLASS}, JApiCompatibilityChange{type=SUPERCLASS_ADDED};true;true;false;false;method in final class now final, inherited method moved to class, method in final class now final, inherited method moved to class, removed annotation, method in final class now final, inherited method moved to class, new super class of final class, class kind changed
FormalTypeParameterChangedTest_bound_generic_wildcard_to_type;false;true;Compiler: compiler.err.not.within.bounds, compiler.err.prob.found.req;false;true;true;true;FORMAL_TYPE_PARAMETER_CHANGED;false;true;true;true;JApiCompatibilityChange{type=CLASS_GENERIC_TEMPLATE_GENERICS_CHANGED};false;true;true;true;formal type parameter changed
MethodReturnTypeChangedTest_reference_supertype_non_final_binary_and_source;true;true;Compiler: compiler.err.prob.found.reqLinker: Exception in thread "main" java.lang.NoSuchMethodError: 'java.io.FileInputStream MethodReturnTypeChangedTest_reference_supertype_non_final_binary_and_source.A.m()';true;true;true;true;METHOD_RETURN_TYPE_ERASURE_CHANGED, METHOD_RETURN_TYPE_CHANGED_INCOMPATIBLE;true;true;true;true;JApiCompatibilityChange{type=METHOD_RETURN_TYPE_CHANGED};true;true;true;true;return type changed
ExecutableRemovedTest_class_default_constructor_removed;true;true;Compiler: compiler.err.cant.apply.symbolLinker: Exception in thread "main" java.lang.NoSuchMethodError: ExecutableRemovedTest_class_default_constructor_removed.A: method 'void <init>()' not found;true;true;true;true;EXECUTABLE_REMOVED;true;true;true;true;JApiCompatibilityChange{type=CONSTRUCTOR_REMOVED};true;true;true;true;number of parameters changed
FormalTypeParameterAddedTest_method_first_param_added;false;false;;false;false;true;true;;false;true;true;false;JApiCompatibilityChange{type=CLASS_GENERIC_TEMPLATE_CHANGED};false;true;true;false;element now parameterized, formal type parameter added
MethodReturnTypeChangedTest_primitive_narrowing_binary_and_source;true;true;Compiler: compiler.err.override.incompatible.ret, compiler.err.method.does.not.override.superclassLinker: Exception in thread "main" java.lang.NoSuchMethodError: 'long MethodReturnTypeChangedTest_primitive_narrowing_binary_and_source.A.m()';true;true;true;true;METHOD_RETURN_TYPE_ERASURE_CHANGED, METHOD_RETURN_TYPE_CHANGED_INCOMPATIBLE;true;true;true;true;JApiCompatibilityChange{type=METHOD_RETURN_TYPE_CHANGED};true;true;true;true;return type changed
FormalTypeParameterChangedTest_bound_changed_to_generic_wildcard_super;false;false;;false;false;true;true;;false;true;true;false;JApiCompatibilityChange{type=CLASS_GENERIC_TEMPLATE_GENERICS_CHANGED};false;true;true;false;formal type parameter changed
FormalTypeParameterChangedTest_bound_changed_from_generic_wildcard_extends;false;true;Compiler: compiler.err.not.within.bounds, compiler.err.prob.found.req;false;true;true;true;FORMAL_TYPE_PARAMETER_CHANGED;false;true;true;true;JApiCompatibilityChange{type=CLASS_GENERIC_TEMPLATE_GENERICS_CHANGED};false;true;true;true;formal type parameter changed
ExecutableRemovedTest_class_constructor_changed;true;true;Compiler: compiler.err.prob.found.reqLinker: Exception in thread "main" java.lang.NoSuchMethodError: 'void ExecutableRemovedTest_class_constructor_changed.A.<init>(int)';true;true;true;true;EXECUTABLE_REMOVED;true;true;true;true;JApiCompatibilityChange{type=CONSTRUCTOR_REMOVED};true;true;true;true;parameter type changed
TypeKindChangedTest_interface_to_class;true;true;Compiler: compiler.err.intf.expected.hereLinker: Exception in thread "main" java.lang.IncompatibleClassChangeError: class client.TypeKindChangedTest_interface_to_class.Main$1C can not implement TypeKindChangedTest_interface_to_class.A, because it is not an interface (TypeKindChangedTest_interface_to_class.A is in unnamed module of loader 'app');true;true;true;true;TYPE_KIND_CHANGED;true;true;true;true;JApiCompatibilityChange{type=CLASS_TYPE_CHANGED};true;true;true;true;method added, class kind changed, class no longer abstract
ExecutableRemovedTest_class_explicit_constructor_now_default;false;false;;false;false;true;true;;false;false;true;true;;false;false;true;true;
FormalTypeParameterChangedTest_bound_modified_compatible;false;false;;false;false;true;true;;false;true;true;false;JApiCompatibilityChange{type=CLASS_GENERIC_TEMPLATE_CHANGED};false;true;true;false;formal type parameter changed
MethodReturnTypeChangedTest_return_type_both_type_and_exec_params_renamed_no_break;false;false;;false;false;true;true;;false;true;true;false;JApiCompatibilityChange{type=CLASS_GENERIC_TEMPLATE_CHANGED}, JApiCompatibilityChange{type=CLASS_GENERIC_TEMPLATE_CHANGED};false;false;true;true;
FormalTypeParameterAddedTest_method_first_param_added_and_used_as_parameter_type;false;false;;false;false;true;true;;false;true;true;false;JApiCompatibilityChange{type=CLASS_GENERIC_TEMPLATE_CHANGED};false;true;true;false;type parameter of method parameter changed, element now parameterized, formal type parameter added
MethodReturnTypeChangedTest_primitive_narrowing_boxing_context_binary_and_source;true;true;Compiler: compiler.err.prob.found.reqLinker: Exception in thread "main" java.lang.NoSuchMethodError: 'double MethodReturnTypeChangedTest_primitive_narrowing_boxing_context_binary_and_source.A.m()';true;true;true;true;METHOD_RETURN_TYPE_ERASURE_CHANGED, METHOD_RETURN_TYPE_CHANGED_INCOMPATIBLE;true;true;true;true;JApiCompatibilityChange{type=METHOD_RETURN_TYPE_CHANGED};true;true;true;true;return type changed
FormalTypeParameterChangedTest_bound_changed_from_generic_wildcard_super;false;true;Compiler: compiler.err.not.within.bounds, compiler.err.prob.found.req;false;true;true;true;FORMAL_TYPE_PARAMETER_CHANGED;false;true;true;true;JApiCompatibilityChange{type=CLASS_GENERIC_TEMPLATE_GENERICS_CHANGED};false;true;true;true;formal type parameter changed
FormalTypeParameterChangedTest_param_renamed;false;false;;false;false;true;true;;false;true;true;false;JApiCompatibilityChange{type=CLASS_GENERIC_TEMPLATE_CHANGED};false;false;true;true;
TypeKindChangedTest_interface_to_enum;true;true;Compiler: compiler.err.intf.expected.hereLinker: Exception in thread "main" java.lang.IncompatibleClassChangeError: class client.TypeKindChangedTest_interface_to_enum.Main$1C can not implement TypeKindChangedTest_interface_to_enum.A, because it is not an interface (TypeKindChangedTest_interface_to_enum.A is in unnamed module of loader 'app');true;true;true;true;TYPE_KIND_CHANGED;true;true;true;true;JApiCompatibilityChange{type=METHOD_ADDED_TO_PUBLIC_CLASS}, JApiCompatibilityChange{type=METHOD_ADDED_TO_PUBLIC_CLASS}, JApiCompatibilityChange{type=SUPERCLASS_ADDED}, JApiCompatibilityChange{type=CLASS_NOW_NOT_EXTENDABLE}, JApiCompatibilityChange{type=INTERFACE_ADDED}, JApiCompatibilityChange{type=CLASS_TYPE_CHANGED};true;true;true;true;method added, method added, method added, method added, method added, method added, method added, method added, new super class of non-final class, class kind changed, class no longer abstract, class now final
TypeKindChangedTest_interface_to_record;true;true;Compiler: compiler.err.intf.expected.hereLinker: Exception in thread "main" java.lang.IncompatibleClassChangeError: class client.TypeKindChangedTest_interface_to_record.Main$1C can not implement TypeKindChangedTest_interface_to_record.A, because it is not an interface (TypeKindChangedTest_interface_to_record.A is in unnamed module of loader 'app');true;true;true;true;TYPE_KIND_CHANGED;true;true;true;true;JApiCompatibilityChange{type=METHOD_ADDED_TO_PUBLIC_CLASS}, JApiCompatibilityChange{type=METHOD_ADDED_TO_PUBLIC_CLASS}, JApiCompatibilityChange{type=METHOD_ADDED_TO_PUBLIC_CLASS}, JApiCompatibilityChange{type=SUPERCLASS_ADDED}, JApiCompatibilityChange{type=CLASS_NOW_NOT_EXTENDABLE}, JApiCompatibilityChange{type=CLASS_TYPE_CHANGED};true;true;true;true;method added, method in final class now final, inherited method moved to class, method in final class now final, inherited method moved to class, removed annotation, method in final class now final, inherited method moved to class, new super class of non-final class, class kind changed, class no longer abstract, class now final
FormalTypeParameterChangedTest_bound_modified_incompatible;false;true;Compiler: compiler.err.not.within.bounds, compiler.err.prob.found.req;false;true;true;true;FORMAL_TYPE_PARAMETER_CHANGED;false;true;true;true;JApiCompatibilityChange{type=CLASS_GENERIC_TEMPLATE_CHANGED};false;true;true;true;formal type parameter changed
ExecutableRemovedTest_default_method_removed_in_interface;true;true;Compiler: compiler.err.cant.resolve.argsLinker: Exception in thread "main" java.lang.NoSuchMethodError: 'void client.ExecutableRemovedTest_default_method_removed_in_interface.Main$1.m1()';true;true;true;true;EXECUTABLE_REMOVED;true;true;true;true;JApiCompatibilityChange{type=METHOD_REMOVED};true;true;true;true;method removed
MethodReturnTypeChangedTest_return_type_deeply_nested_type_param_renamed_no_break;false;false;;false;false;true;true;;false;true;true;false;JApiCompatibilityChange{type=CLASS_GENERIC_TEMPLATE_CHANGED};false;false;true;true;
ExecutableParameterGenericsChangedTest_lower_bounded_wildcard_narrowed_final;false;false;;false;false;true;true;;false;false;true;true;;false;true;true;false;type parameter of method parameter changed
FormalTypeParameterChangedTest_param_swapped;false;false;;false;false;true;true;;false;false;true;true;;false;false;true;true;
FormalTypeParameterChangedTest_method_param_renamed_used_as_part_of_parameter_type;false;false;;false;false;true;true;;false;true;true;false;JApiCompatibilityChange{type=CLASS_GENERIC_TEMPLATE_CHANGED};false;false;true;true;
TypeKindChangedTest_record_to_class;true;true;Compiler: compiler.err.deconstruction.pattern.only.recordsLinker: Exception in thread "main" java.lang.MatchException: java.lang.NoSuchMethodError: 'int TypeKindChangedTest_record_to_class.A.i()';true;true;true;true;TYPE_KIND_CHANGED;true;true;true;true;JApiCompatibilityChange{type=METHOD_REMOVED}, JApiCompatibilityChange{type=SUPERCLASS_REMOVED};true;true;true;true;visibility increased, method no longer final, method moved to superclass, method no longer final, method moved to superclass, new annotation, method removed, method no longer final, method moved to superclass, removed super class, class kind changed, class no longer final
ExecutableRemovedTest_overridden_method_removed_from_subclass;false;false;;false;false;true;true;;false;false;true;true;;false;false;true;true;method moved to superclass
FieldTypeChangedTest_generic_erasure_change_final_binary_only;true;false;Linker: Exception in thread "main" java.lang.NoSuchFieldError: Class FieldTypeChangedTest_generic_erasure_change_final_binary_only.A does not have member field 'java.util.List f';true;false;true;true;FIELD_TYPE_ERASURE_CHANGED;true;true;true;false;JApiCompatibilityChange{type=FIELD_TYPE_CHANGED};true;true;true;false;field type changed
ExecutableParameterGenericsChangedTest_lower_bounded_wildcard_to_concrete;false;true;Compiler: compiler.err.prob.found.req;false;true;true;true;EXECUTABLE_PARAMETER_GENERICS_CHANGED;false;false;true;false;;false;true;true;true;type parameter of method parameter changed
FormalTypeParameterChangedTest_second_bound_added_compatible;false;false;;false;false;true;true;;false;false;true;true;;false;true;true;false;formal type parameter changed
FormalTypeParameterChangedTest_method_self_referencing_bound_renamed;false;false;;false;false;true;true;;false;true;true;false;JApiCompatibilityChange{type=CLASS_GENERIC_TEMPLATE_CHANGED};false;false;true;true;
TypeKindChangedTest_record_to_interface;true;true;Compiler: compiler.err.abstract.cant.be.instantiatedLinker: Exception in thread "main" java.lang.InstantiationError: TypeKindChangedTest_record_to_interface.A;true;true;true;true;TYPE_KIND_CHANGED;true;true;true;true;JApiCompatibilityChange{type=CONSTRUCTOR_REMOVED}, JApiCompatibilityChange{type=SUPERCLASS_REMOVED}, JApiCompatibilityChange{type=CLASS_NOW_ABSTRACT}, JApiCompatibilityChange{type=CLASS_TYPE_CHANGED};true;true;true;true;method removed, method no longer final, method moved to superclass, method no longer final, method moved to superclass, new annotation, method no longer final, method moved to superclass, removed super class, class kind changed, class no longer final, class now abstract
ExecutableRemovedTest_package_private_to_private;false;false;;false;false;true;true;;true;true;false;false;JApiCompatibilityChange{type=METHOD_LESS_ACCESSIBLE};false;false;true;true;
FieldTypeChangedTest_generic_erasure_change_non_final_binary_and_source;true;true;Compiler: compiler.err.prob.found.reqLinker: Exception in thread "main" java.lang.NoSuchFieldError: Class FieldTypeChangedTest_generic_erasure_change_non_final_binary_and_source.A does not have member field 'java.util.List f';true;true;true;true;FIELD_TYPE_ERASURE_CHANGED, FIELD_TYPE_CHANGED_INCOMPATIBLE;true;true;true;true;JApiCompatibilityChange{type=FIELD_TYPE_CHANGED};true;true;true;true;field type changed
ExecutableParameterGenericsChangedTest_lower_bounded_wildcard_widened;false;true;Compiler: compiler.err.prob.found.req;false;true;true;true;EXECUTABLE_PARAMETER_GENERICS_CHANGED;false;false;true;false;;false;true;true;true;type parameter of method parameter changed
FormalTypeParameterChangedTest_method_self_referencing_bound_tightened;false;true;Compiler: compiler.err.cant.apply.symbol.noargs;false;true;true;true;FORMAL_TYPE_PARAMETER_CHANGED;false;true;true;true;JApiCompatibilityChange{type=CLASS_GENERIC_TEMPLATE_CHANGED};false;true;true;true;formal type parameter changed
FormalTypeParameterChangedTest_second_bound_added_incompatible;false;true;Compiler: compiler.err.not.within.bounds, compiler.err.prob.found.req;false;true;true;true;FORMAL_TYPE_PARAMETER_CHANGED;false;false;true;false;;false;true;true;true;formal type parameter changed
TypeNewAbstractMethodTest_abstract_method_added_to_abstract_class;false;true;Compiler: compiler.err.does.not.override.abstract;false;true;true;true;TYPE_NEW_ABSTRACT_METHOD;false;true;true;true;JApiCompatibilityChange{type=METHOD_ADDED_TO_PUBLIC_CLASS}, JApiCompatibilityChange{type=METHOD_ABSTRACT_ADDED_TO_CLASS};true;true;false;true;abstract method added
ExecutableRemovedTest_protected_constructor_removed;true;true;Compiler: compiler.err.cant.apply.symbolLinker: Exception in thread "main" java.lang.NoSuchMethodError: 'void ExecutableRemovedTest_protected_constructor_removed.A.<init>(int)';true;true;true;true;EXECUTABLE_REMOVED;true;true;true;true;JApiCompatibilityChange{type=CONSTRUCTOR_REMOVED};true;true;true;true;number of parameters changed, visibility increased
FieldTypeChangedTest_generic_invariant_argument_change_source_only;false;true;Compiler: compiler.err.prob.found.req;false;true;true;true;FIELD_TYPE_CHANGED_INCOMPATIBLE;false;true;true;true;JApiCompatibilityChange{type=FIELD_GENERICS_CHANGED};false;false;true;false;
ExecutableParameterGenericsChangedTest_method_first_param_added_and_used_as_part_of_parameter_type;false;true;Compiler: compiler.err.name.clash.same.erasure.no.override, compiler.err.method.does.not.override.superclass;false;true;true;true;EXECUTABLE_PARAMETER_GENERICS_CHANGED;false;true;true;true;JApiCompatibilityChange{type=CLASS_GENERIC_TEMPLATE_CHANGED};false;true;true;true;type parameter of method parameter changed, element now parameterized, formal type parameter added
FormalTypeParameterChangedTest_second_bound_removed;false;false;;false;false;true;true;;false;false;true;true;;false;true;true;false;formal type parameter changed
FormalTypeParameterChangedTest_multi_bound_intersection_renamed;false;false;;false;false;true;true;;false;true;true;false;JApiCompatibilityChange{type=CLASS_GENERIC_TEMPLATE_CHANGED};false;false;true;true;
TypeNewAbstractMethodTest_method_abstract_added_to_class;false;true;Compiler: compiler.err.does.not.override.abstract;false;true;true;true;TYPE_NEW_ABSTRACT_METHOD;false;true;true;true;JApiCompatibilityChange{type=METHOD_ADDED_TO_PUBLIC_CLASS}, JApiCompatibilityChange{type=METHOD_ABSTRACT_ADDED_TO_CLASS};true;true;false;true;abstract method added
ExecutableRemovedTest_protected_constructor_removed_from_final_class;false;false;;false;false;true;true;;true;true;false;false;JApiCompatibilityChange{type=CONSTRUCTOR_REMOVED};true;true;false;false;number of parameters changed, visibility increased
FieldTypeChangedTest_generic_wildcard_final_no_break;false;false;;false;false;true;true;;false;true;true;false;JApiCompatibilityChange{type=FIELD_GENERICS_CHANGED};false;false;true;true;
ExecutableParameterGenericsChangedTest_method_first_param_added_and_used_as_part_of_parameter_type_final;false;false;;false;false;true;true;;false;true;true;false;JApiCompatibilityChange{type=CLASS_GENERIC_TEMPLATE_CHANGED};false;true;true;false;type parameter of method parameter changed, element now parameterized, formal type parameter added
FormalTypeParameterChangedTest_self_referencing_bound_renamed;false;false;;false;false;true;true;;false;true;true;false;JApiCompatibilityChange{type=CLASS_GENERIC_TEMPLATE_CHANGED};false;false;true;true;
FormalTypeParameterChangedTest_multi_bound_intersection_renamed_final_method;false;false;;false;false;true;true;;false;true;true;false;JApiCompatibilityChange{type=CLASS_GENERIC_TEMPLATE_CHANGED};false;false;true;true;
TypeNewAbstractMethodTest_method_abstract_added_to_class_indirect;false;true;Compiler: compiler.err.does.not.override.abstract;false;true;true;true;TYPE_NEW_ABSTRACT_METHOD, TYPE_NEW_ABSTRACT_METHOD;false;true;true;true;JApiCompatibilityChange{type=METHOD_ADDED_TO_PUBLIC_CLASS}, JApiCompatibilityChange{type=METHOD_ABSTRACT_ADDED_TO_CLASS}, JApiCompatibilityChange{type=METHOD_ABSTRACT_ADDED_IN_SUPERCLASS};true;true;false;true;abstract method added
ExecutableRemovedTest_protected_constructor_removed_from_sealed_root_with_non_sealed_subtype;false;false;;false;false;true;true;;true;true;false;false;JApiCompatibilityChange{type=CONSTRUCTOR_REMOVED};true;true;false;false;number of parameters changed
FieldTypeChangedTest_generic_wildcard_non_final_source_only;false;true;Compiler: compiler.err.prob.found.req;false;true;true;true;FIELD_TYPE_CHANGED_INCOMPATIBLE;false;true;true;true;JApiCompatibilityChange{type=FIELD_GENERICS_CHANGED};false;false;true;false;
ExecutableParameterGenericsChangedTest_nested_generic_changed;false;true;Compiler: compiler.err.prob.found.req;false;true;true;true;EXECUTABLE_PARAMETER_GENERICS_CHANGED;false;false;true;false;;false;true;true;true;type parameter of method parameter changed
ExecutableParameterGenericsChangedTest_same_generic_argument;false;false;;false;false;true;true;;false;false;true;true;;false;false;true;true;
FormalTypeParameterChangedTest_self_referencing_bound_tightened;false;true;Compiler: compiler.err.not.within.bounds, compiler.err.prob.found.req;false;true;true;true;FORMAL_TYPE_PARAMETER_CHANGED;false;true;true;true;JApiCompatibilityChange{type=CLASS_GENERIC_TEMPLATE_CHANGED};false;true;true;true;formal type parameter changed
FormalTypeParameterChangedTest_multi_bound_intersection_renamed_method;false;false;;false;false;true;true;;false;true;true;false;JApiCompatibilityChange{type=CLASS_GENERIC_TEMPLATE_CHANGED};false;false;true;true;
TypeNewAbstractMethodTest_method_abstract_added_to_class_with_private_constructor;false;false;;false;false;true;true;;false;true;true;false;JApiCompatibilityChange{type=METHOD_ADDED_TO_PUBLIC_CLASS}, JApiCompatibilityChange{type=METHOD_ABSTRACT_ADDED_TO_CLASS};true;true;false;false;abstract method added
FormalTypeParameterChangedTest_bound_removed;false;false;;false;false;true;true;;false;true;true;false;JApiCompatibilityChange{type=CLASS_GENERIC_TEMPLATE_CHANGED};false;true;true;false;formal type parameter changed
ExecutableRemovedTest_protected_to_package_private;true;true;Compiler: compiler.err.method.does.not.override.superclass, compiler.err.not.def.public.cant.accessLinker: Exception in thread "main" java.lang.IllegalAccessError: class client.ExecutableRemovedTest_protected_to_package_private.Main$1 tried to access method 'void ExecutableRemovedTest_protected_to_package_private.A.m()' (client.ExecutableRemovedTest_protected_to_package_private.Main$1 and ExecutableRemovedTest_protected_to_package_private.A are in unnamed module of loader 'app');true;true;true;true;EXECUTABLE_REMOVED;true;true;true;true;JApiCompatibilityChange{type=METHOD_LESS_ACCESSIBLE};true;true;true;true;visibility reduced
FieldTypeChangedTest_interface_constant_narrowing_type_change_source_only;false;true;Compiler: compiler.err.prob.found.req;false;true;true;true;FIELD_TYPE_CHANGED_INCOMPATIBLE;true;true;false;true;JApiCompatibilityChange{type=FIELD_TYPE_CHANGED};true;true;false;true;constant field changed value, field type changed
FieldTypeChangedTest_interface_constant_type_change_source_only;false;true;Compiler: compiler.err.prob.found.req;false;true;true;true;FIELD_TYPE_CHANGED_INCOMPATIBLE;true;true;false;true;JApiCompatibilityChange{type=FIELD_TYPE_CHANGED};true;true;false;true;constant field changed value, field type changed
ExecutableParameterGenericsChangedTest_second_parameter_changed;false;true;Compiler: compiler.err.prob.found.req;false;true;true;true;EXECUTABLE_PARAMETER_GENERICS_CHANGED;false;false;true;false;;false;true;true;true;type parameter of method parameter changed
ClassNowCheckedExceptionTest_specific_unchecked_exception_becomes_specific_checked_exception;true;true;Compiler: compiler.err.prob.found.reqLinker: Caused by: java.lang.VerifyError: Bad type on operand stack;true;true;true;true;TYPE_SUPERTYPE_REMOVED, CLASS_NOW_CHECKED_EXCEPTION;true;true;true;true;JApiCompatibilityChange{type=SUPERCLASS_REMOVED};true;true;true;true;removed super class, new super class of non-final class, class now checked exception
FormalTypeParameterChangedTest_bound_modified_incompatible_param_1;false;true;Compiler: compiler.err.not.within.bounds, compiler.err.not.within.bounds, compiler.err.prob.found.req;false;true;true;true;FORMAL_TYPE_PARAMETER_CHANGED;false;true;true;true;JApiCompatibilityChange{type=CLASS_GENERIC_TEMPLATE_CHANGED};false;true;true;true;formal type parameter changed
FormalTypeParameterChangedTest_param_generics_wildcard_bounds_type_param_renamed;false;false;;false;false;true;true;;false;true;true;false;JApiCompatibilityChange{type=CLASS_GENERIC_TEMPLATE_CHANGED};false;false;true;true;
FieldRemovedTest_static_field_removed;true;true;Compiler: compiler.err.cant.resolve.locationLinker: Exception in thread "main" java.lang.NoSuchFieldError: Class FieldRemovedTest_static_field_removed.A does not have member field 'int f';true;true;true;true;FIELD_REMOVED;true;true;true;true;JApiCompatibilityChange{type=FIELD_REMOVED};true;true;true;true;field removed
FormalTypeParameterChangedTest_bound_type_to_compatible_wildcard;false;false;;false;false;true;true;;false;true;true;false;JApiCompatibilityChange{type=CLASS_GENERIC_TEMPLATE_GENERICS_CHANGED};false;true;true;false;formal type parameter changed
ExecutableRemovedTest_public_method_removed;true;true;Compiler: compiler.err.cant.resolve.location.argsLinker: Exception in thread "main" java.lang.NoSuchMethodError: 'void ExecutableRemovedTest_public_method_removed.A.m1()';true;true;true;true;EXECUTABLE_REMOVED;true;true;true;true;JApiCompatibilityChange{type=METHOD_REMOVED};true;true;true;true;method removed
ExecutableRemovedTest_public_to_protected;true;true;Compiler: compiler.err.report.accessLinker: Exception in thread "main" java.lang.IllegalAccessError: class client.ExecutableRemovedTest_public_to_protected.Main tried to access protected method 'void ExecutableRemovedTest_public_to_protected.A.m()' (client.ExecutableRemovedTest_public_to_protected.Main and ExecutableRemovedTest_public_to_protected.A are in unnamed module of loader 'app');true;true;true;true;EXECUTABLE_NOW_PROTECTED;true;true;true;true;JApiCompatibilityChange{type=METHOD_LESS_ACCESSIBLE};true;true;true;true;visibility reduced
FieldNowStaticTest_field_now_static;true;false;Linker: Exception in thread "main" java.lang.IncompatibleClassChangeError: Expected non-static field FieldNowStaticTest_field_now_static.A.f;true;false;true;true;FIELD_NOW_STATIC;true;true;true;false;JApiCompatibilityChange{type=FIELD_NOW_STATIC};true;false;true;true;field now static
FieldTypeChangedTest_non_constant_static_final_type_change_binary_and_source;true;true;Compiler: compiler.err.prob.found.reqLinker: Exception in thread "main" java.lang.NoSuchFieldError: Class FieldTypeChangedTest_non_constant_static_final_type_change_binary_and_source.A does not have member field 'int f';true;true;true;true;FIELD_TYPE_ERASURE_CHANGED, FIELD_TYPE_CHANGED_INCOMPATIBLE;true;true;true;true;JApiCompatibilityChange{type=FIELD_TYPE_CHANGED};true;true;true;true;field type changed
ExecutableRemovedTest_default_protected_constructor_removed;false;false;;false;false;true;true;;false;false;true;true;;false;true;true;false;visibility increased
ExecutableParameterGenericsChangedTest_type_first_param_added_and_used_as_part_of_method_parameter_type;false;true;Compiler: compiler.err.name.clash.same.erasure.no.override, compiler.err.method.does.not.override.superclass;false;true;true;true;EXECUTABLE_PARAMETER_GENERICS_CHANGED;false;true;true;true;JApiCompatibilityChange{type=CLASS_GENERIC_TEMPLATE_CHANGED};false;true;true;true;type parameter of method parameter changed, element now parameterized, formal type parameter added
ClassNowCheckedExceptionTest_throwable_becomes_checked_exception;false;false;;false;false;true;true;;false;true;true;false;JApiCompatibilityChange{type=SUPERCLASS_ADDED}, JApiCompatibilityChange{type=CLASS_NOW_CHECKED_EXCEPTION};true;true;false;false;new super class of non-final class
FormalTypeParameterChangedTest_bound_modified_incompatible_param_2;false;true;Compiler: compiler.err.not.within.bounds, compiler.err.not.within.bounds, compiler.err.prob.found.req;false;true;true;true;FORMAL_TYPE_PARAMETER_CHANGED;false;true;true;true;JApiCompatibilityChange{type=CLASS_GENERIC_TEMPLATE_CHANGED};false;true;true;true;formal type parameter changed
ExecutableRemovedTest_record_implicit_constructor_changed_remove;true;true;Compiler: compiler.err.cant.apply.symbolLinker: Exception in thread "main" java.lang.NoSuchMethodError: 'void ExecutableRemovedTest_record_implicit_constructor_changed_remove.A.<init>(int, float)';true;true;true;true;EXECUTABLE_REMOVED, EXECUTABLE_REMOVED;true;true;true;true;JApiCompatibilityChange{type=METHOD_REMOVED}, JApiCompatibilityChange{type=CONSTRUCTOR_REMOVED};true;true;true;true;number of parameters changed, method removed
FieldTypeChangedTest_array_primitive_component_change_binary_and_source;true;true;Compiler: compiler.err.prob.found.reqLinker: Exception in thread "main" java.lang.NoSuchFieldError: Class FieldTypeChangedTest_array_primitive_component_change_binary_and_source.A does not have member field 'int[] f';true;true;true;true;FIELD_TYPE_ERASURE_CHANGED, FIELD_TYPE_CHANGED_INCOMPATIBLE;true;true;true;true;JApiCompatibilityChange{type=FIELD_TYPE_CHANGED};true;true;true;true;field type changed
FormalTypeParameterChangedTest_bound_type_to_incompatible_wildcard;false;true;Compiler: compiler.err.not.within.bounds, compiler.err.prob.found.req;false;true;true;true;FORMAL_TYPE_PARAMETER_CHANGED;false;true;true;true;JApiCompatibilityChange{type=CLASS_GENERIC_TEMPLATE_GENERICS_CHANGED};false;true;true;true;formal type parameter changed
FieldNowStaticTest_private_field_now_static;false;false;;false;false;true;true;;false;false;true;true;;false;false;true;true;
ClassNowStaticTest_nested_class_in_interface_now_static;false;false;;false;false;true;true;;false;false;true;true;;false;false;true;true;
ExecutableRemovedTest_record_default_constructor_removed;false;false;;false;false;true;true;;false;false;true;true;;false;false;true;true;
FieldTypeChangedTest_parameterized_to_raw;false;false;;false;false;true;true;;false;true;true;false;JApiCompatibilityChange{type=FIELD_GENERICS_CHANGED};false;false;true;true;
ExecutableRemovedTest_inherited_static_method_removed;true;true;Compiler: compiler.err.cant.resolve.location.argsLinker: Exception in thread "main" java.lang.NoSuchMethodError: 'void ExecutableRemovedTest_inherited_static_method_removed.B.m()';true;true;true;true;EXECUTABLE_REMOVED;true;true;true;true;JApiCompatibilityChange{type=METHOD_REMOVED}, JApiCompatibilityChange{type=METHOD_REMOVED_IN_SUPERCLASS};true;true;true;true;method removed
ExecutableParameterGenericsChangedTest_type_first_param_added_and_used_as_part_of_method_parameter_type_final;false;false;;false;false;true;true;;false;true;true;false;JApiCompatibilityChange{type=CLASS_GENERIC_TEMPLATE_CHANGED};false;true;true;false;type parameter of method parameter changed, element now parameterized, formal type parameter added
ClassNowCheckedExceptionTest_unchecked_exception_becomes_checked_exception;true;true;Compiler: compiler.err.prob.found.reqLinker: Caused by: java.lang.VerifyError: Bad type on operand stack;true;true;true;true;TYPE_SUPERTYPE_REMOVED, CLASS_NOW_CHECKED_EXCEPTION;true;true;true;true;JApiCompatibilityChange{type=SUPERCLASS_REMOVED}, JApiCompatibilityChange{type=CLASS_NOW_CHECKED_EXCEPTION};true;true;true;true;removed super class, class now checked exception
FormalTypeParameterChangedTest_bound_object_added;false;false;;false;false;true;true;;false;false;true;true;;false;false;true;true;
ExecutableRemovedTest_record_method_removed;true;true;Compiler: compiler.err.cant.resolve.location.argsLinker: Exception in thread "main" java.lang.NoSuchMethodError: 'void ExecutableRemovedTest_record_method_removed.A.m()';true;true;true;true;EXECUTABLE_REMOVED;true;true;true;true;JApiCompatibilityChange{type=METHOD_REMOVED};true;true;true;true;method removed
FieldTypeChangedTest_array_subtype_final_binary_only;true;false;Linker: Exception in thread "main" java.lang.NoSuchFieldError: Class FieldTypeChangedTest_array_subtype_final_binary_only.A does not have member field 'java.io.InputStream[] f';true;false;true;true;FIELD_TYPE_ERASURE_CHANGED;true;true;true;false;JApiCompatibilityChange{type=FIELD_TYPE_CHANGED};true;true;true;false;field type changed
FormalTypeParameterChangedTest_bounded_param_swapped;false;true;Compiler: compiler.err.not.within.bounds, compiler.err.prob.found.req;false;true;true;true;FORMAL_TYPE_PARAMETER_CHANGED;false;false;true;false;;false;true;true;true;formal type parameter changed, formal type parameter changed
ClassNowStaticTest_nested_class_now_static;true;true;Compiler: compiler.err.qualified.new.of.static.classLinker: Exception in thread "main" java.lang.NoSuchMethodError: 'void ClassNowStaticTest_nested_class_now_static.A$B.<init>(ClassNowStaticTest_nested_class_now_static.A)';true;true;true;true;CLASS_NOW_STATIC;true;true;true;true;JApiCompatibilityChange{type=CONSTRUCTOR_REMOVED};false;false;false;false;
FieldRemovedTest_annotation_interface_enum_constant_removed;true;true;Compiler: compiler.err.cant.resolve.location, compiler.err.cant.resolve.locationLinker: Exception in thread "main" java.lang.NoSuchFieldError: Class FieldRemovedTest_annotation_interface_enum_constant_removed.A$E does not have member field 'FieldRemovedTest_annotation_interface_enum_constant_removed.A$E Y';true;true;true;true;FIELD_REMOVED;true;true;true;true;JApiCompatibilityChange{type=FIELD_REMOVED};true;true;true;true;field removed
FieldTypeChangedTest_primitive_narrowing_binary_and_source;true;true;Compiler: compiler.err.prob.found.reqLinker: Exception in thread "main" java.lang.NoSuchFieldError: Class FieldTypeChangedTest_primitive_narrowing_binary_and_source.A does not have member field 'long f';true;true;true;true;FIELD_TYPE_ERASURE_CHANGED, FIELD_TYPE_CHANGED_INCOMPATIBLE;true;true;true;true;JApiCompatibilityChange{type=FIELD_TYPE_CHANGED};true;true;true;true;field type changed
ExecutableRemovedTest_record_explicit_constructor_changed;true;true;Compiler: compiler.err.cant.apply.symbolsLinker: Exception in thread "main" java.lang.NoSuchMethodError: 'void ExecutableRemovedTest_record_explicit_constructor_changed.A.<init>(boolean)';true;true;true;true;EXECUTABLE_REMOVED;true;true;true;true;JApiCompatibilityChange{type=CONSTRUCTOR_REMOVED};true;true;true;true;parameter type changed
ExecutableRemovedTest_interface_method_removed_affecting_implementer;true;true;Compiler: compiler.err.cant.resolve.location.argsLinker: Exception in thread "main" java.lang.NoSuchMethodError: 'void ExecutableRemovedTest_interface_method_removed_affecting_implementer.A.m1()';true;true;true;true;EXECUTABLE_REMOVED, EXECUTABLE_REMOVED;true;true;true;true;JApiCompatibilityChange{type=METHOD_REMOVED};true;true;true;true;method removed, method removed
ExecutableParameterGenericsChangedTest_unbounded_to_concrete_wildcard;false;true;Compiler: compiler.err.prob.found.req;false;true;true;true;EXECUTABLE_PARAMETER_GENERICS_CHANGED;false;false;true;false;;false;true;true;true;type parameter of method parameter changed
ClassNowFinalTest_class_now_effectively_final;true;true;Compiler: compiler.err.report.accessLinker: Exception in thread "main" java.lang.IllegalAccessError: class client.ClassNowFinalTest_class_now_effectively_final.Main$1 tried to access private method 'void ClassNowFinalTest_class_now_effectively_final.A.<init>()' (client.ClassNowFinalTest_class_now_effectively_final.Main$1 and ClassNowFinalTest_class_now_effectively_final.A are in unnamed module of loader 'app');true;true;true;true;CLASS_NOW_ABSTRACT, CLASS_NOW_FINAL, EXECUTABLE_REMOVED;true;true;true;true;JApiCompatibilityChange{type=CONSTRUCTOR_LESS_ACCESSIBLE}, JApiCompatibilityChange{type=CLASS_NOW_NOT_EXTENDABLE};true;true;true;true;visibility reduced
ExecutableRemovedTest_static_method_removed;true;true;Compiler: compiler.err.cant.resolve.location.argsLinker: Exception in thread "main" java.lang.NoSuchMethodError: 'void ExecutableRemovedTest_static_method_removed.A.m1()';true;true;true;true;EXECUTABLE_REMOVED;true;true;true;true;JApiCompatibilityChange{type=METHOD_REMOVED};true;true;true;true;method removed
FormalTypeParameterChangedTest_bound_param_added;false;true;Compiler: compiler.err.not.within.bounds, compiler.err.prob.found.req;false;true;true;true;FORMAL_TYPE_PARAMETER_CHANGED;false;true;true;true;JApiCompatibilityChange{type=CLASS_GENERIC_TEMPLATE_CHANGED};false;true;true;true;formal type parameter changed
FormalTypeParameterChangedTest_cross_referencing_type_params_renamed;false;false;;false;false;true;true;;false;true;true;false;JApiCompatibilityChange{type=CLASS_GENERIC_TEMPLATE_CHANGED};false;false;true;true;
FieldTypeChangedTest_array_subtype_non_final_binary_and_source;true;true;Compiler: compiler.err.prob.found.reqLinker: Exception in thread "main" java.lang.NoSuchFieldError: Class FieldTypeChangedTest_array_subtype_non_final_binary_and_source.A does not have member field 'java.io.InputStream[] f';true;true;true;true;FIELD_TYPE_ERASURE_CHANGED, FIELD_TYPE_CHANGED_INCOMPATIBLE;true;true;true;true;JApiCompatibilityChange{type=FIELD_TYPE_CHANGED};true;true;true;true;field type changed
ClassNowStaticTest_nested_enum_now_static;false;false;;false;false;true;true;;false;false;true;true;;false;false;true;true;
ExecutableRemovedTest_record_explicit_constructor_removed;true;true;Compiler: compiler.err.cant.apply.symbolLinker: Exception in thread "main" java.lang.IllegalAccessError: class client.ExecutableRemovedTest_record_explicit_constructor_removed.Main tried to access protected method 'void java.lang.Record.<init>()' (client.ExecutableRemovedTest_record_explicit_constructor_removed.Main is in unnamed module of loader 'app', java.lang.Record is in module java.base of loader 'bootstrap');true;true;true;true;EXECUTABLE_REMOVED;true;true;true;true;JApiCompatibilityChange{type=CONSTRUCTOR_REMOVED};true;true;true;true;method removed
FieldTypeChangedTest_primitive_widening_binary_and_source;true;true;Compiler: compiler.err.prob.found.reqLinker: Exception in thread "main" java.lang.NoSuchFieldError: Class FieldTypeChangedTest_primitive_widening_binary_and_source.A does not have member field 'int f';true;true;true;true;FIELD_TYPE_ERASURE_CHANGED, FIELD_TYPE_CHANGED_INCOMPATIBLE;true;true;true;true;JApiCompatibilityChange{type=FIELD_TYPE_CHANGED};true;true;true;true;field type changed
FieldRemovedTest_enum_constant_removed;true;true;Compiler: compiler.err.cant.resolve.locationLinker: Exception in thread "main" java.lang.NoSuchFieldError: Class FieldRemovedTest_enum_constant_removed.E does not have member field 'FieldRemovedTest_enum_constant_removed.E Y';true;true;true;true;FIELD_REMOVED;true;true;true;true;JApiCompatibilityChange{type=FIELD_REMOVED};true;true;true;true;field removed
ExecutableRemovedTest_leaked_methods_no_longer_leaked;true;true;Compiler: compiler.err.cant.resolve.location.argsLinker: Exception in thread "main" java.lang.NoSuchMethodError: 'void ExecutableRemovedTest_leaked_methods_no_longer_leaked.B.m1()';true;true;true;true;EXECUTABLE_REMOVED, EXECUTABLE_REMOVED;true;true;true;true;JApiCompatibilityChange{type=METHOD_LESS_ACCESSIBLE}, JApiCompatibilityChange{type=METHOD_LESS_ACCESSIBLE}, JApiCompatibilityChange{type=METHOD_REMOVED}, JApiCompatibilityChange{type=SUPERCLASS_REMOVED};true;true;true;true;method removed, method removed, removed super class
ExecutableParameterGenericsChangedTest_upper_bounded_wildcard_narrowed;false;true;Compiler: compiler.err.prob.found.req;false;true;true;true;EXECUTABLE_PARAMETER_GENERICS_CHANGED;false;false;true;false;;false;true;true;true;type parameter of method parameter changed
ClassNowFinalTest_class_now_final;true;true;Compiler: compiler.err.cant.inherit.from.finalLinker: Exception in thread "main" java.lang.IncompatibleClassChangeError: class client.ClassNowFinalTest_class_now_final.Main$1 cannot inherit from final class ClassNowFinalTest_class_now_final.A;true;true;true;true;CLASS_NOW_FINAL;true;true;true;true;JApiCompatibilityChange{type=CLASS_NOW_NOT_EXTENDABLE};true;true;true;true;class now final
FieldNoLongerStaticTest_field_no_longer_static;true;true;Compiler: compiler.err.non-static.cant.be.refLinker: Exception in thread "main" java.lang.IncompatibleClassChangeError: Expected static field FieldNoLongerStaticTest_field_no_longer_static.A.f;true;true;true;true;FIELD_NO_LONGER_STATIC;true;true;true;true;JApiCompatibilityChange{type=FIELD_NO_LONGER_STATIC};true;true;true;true;field no longer static
FormalTypeParameterChangedTest_bound_param_removed;false;false;;false;false;true;true;;false;true;true;false;JApiCompatibilityChange{type=CLASS_GENERIC_TEMPLATE_CHANGED};false;true;true;false;formal type parameter changed
FormalTypeParameterChangedTest_final_method_self_referencing_bound_renamed;false;false;;false;false;true;true;;false;true;true;false;JApiCompatibilityChange{type=CLASS_GENERIC_TEMPLATE_CHANGED};false;false;true;true;
FieldTypeChangedTest_array_to_object_final_binary_only;true;false;Linker: Exception in thread "main" java.lang.NoSuchFieldError: Class FieldTypeChangedTest_array_to_object_final_binary_only.A does not have member field 'java.lang.Object f';true;false;true;true;FIELD_TYPE_ERASURE_CHANGED;true;true;true;false;JApiCompatibilityChange{type=FIELD_TYPE_CHANGED};true;true;true;false;field type changed
ClassNowStaticTest_nested_interface_now_static;false;false;;false;false;true;true;;false;false;true;true;;false;false;true;true;
ExecutableRemovedTest_record_getter_removed;true;true;Compiler: compiler.err.cant.apply.symbolLinker: Exception in thread "main" java.lang.NoSuchMethodError: 'void ExecutableRemovedTest_record_getter_removed.A.<init>(int, float)';true;true;true;true;EXECUTABLE_REMOVED, EXECUTABLE_REMOVED;true;true;true;true;JApiCompatibilityChange{type=METHOD_REMOVED}, JApiCompatibilityChange{type=CONSTRUCTOR_REMOVED};true;true;true;true;number of parameters changed, method removed
FieldRemovedTest_field_now_hidden;true;true;Compiler: compiler.err.not.def.public.cant.accessLinker: Exception in thread "main" java.lang.IllegalAccessError: class client.FieldRemovedTest_field_now_hidden.Main tried to access field FieldRemovedTest_field_now_hidden.A.f (client.FieldRemovedTest_field_now_hidden.Main and FieldRemovedTest_field_now_hidden.A are in unnamed module of loader 'app');true;true;true;true;FIELD_REMOVED;true;true;true;true;JApiCompatibilityChange{type=FIELD_LESS_ACCESSIBLE};true;true;true;true;visibility reduced
FieldTypeChangedTest_raw_subtype_to_parameterized_supertype_final_binary_only;true;false;Linker: Exception in thread "main" java.lang.NoSuchFieldError: Class FieldTypeChangedTest_raw_subtype_to_parameterized_supertype_final_binary_only.A does not have member field 'java.util.List f';true;false;true;true;FIELD_TYPE_ERASURE_CHANGED;true;true;true;false;JApiCompatibilityChange{type=FIELD_TYPE_CHANGED}, JApiCompatibilityChange{type=FIELD_GENERICS_CHANGED};true;true;true;false;field type changed
ExecutableRemovedTest_leaked_protected_method_now_private;true;true;Compiler: compiler.err.method.does.not.override.superclass, compiler.err.cant.resolve.argsLinker: Exception in thread "main" java.lang.IllegalAccessError: class client.ExecutableRemovedTest_leaked_protected_method_now_private.Main$1 tried to access private method 'void ExecutableRemovedTest_leaked_protected_method_now_private.A.m()' (client.ExecutableRemovedTest_leaked_protected_method_now_private.Main$1 and ExecutableRemovedTest_leaked_protected_method_now_private.A are in unnamed module of loader 'app');true;true;true;true;EXECUTABLE_REMOVED;true;true;true;true;JApiCompatibilityChange{type=METHOD_LESS_ACCESSIBLE};true;true;true;true;method removed
ExecutableParameterGenericsChangedTest_upper_bounded_wildcard_to_concrete;false;true;Compiler: compiler.err.prob.found.req;false;true;true;true;EXECUTABLE_PARAMETER_GENERICS_CHANGED;false;false;true;false;;false;true;true;true;type parameter of method parameter changed
ExecutableNoLongerThrowsCheckedExceptionTest_constructor_no_longer_throws;false;true;Compiler: compiler.err.except.never.thrown.in.try;false;true;true;true;EXECUTABLE_NO_LONGER_THROWS_CHECKED_EXCEPTION;false;true;true;true;JApiCompatibilityChange{type=METHOD_NO_LONGER_THROWS_CHECKED_EXCEPTION};false;true;true;true;Method no longer throws checked exceptions
FieldRemovedTest_field_visibility_protected_to_private;true;true;Compiler: compiler.err.report.accessLinker: Exception in thread "main" java.lang.IllegalAccessError: class client.FieldRemovedTest_field_visibility_protected_to_private.Main$1 tried to access private field FieldRemovedTest_field_visibility_protected_to_private.A.f (client.FieldRemovedTest_field_visibility_protected_to_private.Main$1 and FieldRemovedTest_field_visibility_protected_to_private.A are in unnamed module of loader 'app');true;true;true;true;FIELD_REMOVED;true;true;true;true;JApiCompatibilityChange{type=FIELD_LESS_ACCESSIBLE};true;true;true;true;visibility reduced
ClassNowFinalTest_class_now_record;true;true;Compiler: compiler.err.cant.inherit.from.finalLinker: Exception in thread "main" java.lang.IncompatibleClassChangeError: class client.ClassNowFinalTest_class_now_record.Main$1 cannot inherit from final class ClassNowFinalTest_class_now_record.A;true;true;true;true;TYPE_KIND_CHANGED;true;true;true;true;JApiCompatibilityChange{type=METHOD_ADDED_TO_PUBLIC_CLASS}, JApiCompatibilityChange{type=METHOD_ADDED_TO_PUBLIC_CLASS}, JApiCompatibilityChange{type=METHOD_ADDED_TO_PUBLIC_CLASS}, JApiCompatibilityChange{type=SUPERCLASS_ADDED}, JApiCompatibilityChange{type=CLASS_NOW_NOT_EXTENDABLE};true;true;true;true;method in final class now final, inherited method moved to class, method in final class now final, inherited method moved to class, removed annotation, method in final class now final, inherited method moved to class, new super class of non-final class, class kind changed, class now final
ExecutableRemovedTest_leaked_public_method_now_private;true;true;Compiler: compiler.err.cant.resolve.location.argsLinker: Exception in thread "main" java.lang.IllegalAccessError: class client.ExecutableRemovedTest_leaked_public_method_now_private.Main tried to access private method 'void ExecutableRemovedTest_leaked_public_method_now_private.A.m()' (client.ExecutableRemovedTest_leaked_public_method_now_private.Main and ExecutableRemovedTest_leaked_public_method_now_private.A are in unnamed module of loader 'app');true;true;true;true;EXECUTABLE_REMOVED;true;true;true;true;JApiCompatibilityChange{type=METHOD_LESS_ACCESSIBLE};true;true;true;true;method removed
ClassNowFinalTest_enummm;false;false;;false;false;true;true;;false;false;true;true;JApiCompatibilityChange{type=INTERFACE_ADDED};false;false;true;true;static field added, class no longer final
FieldNoLongerStaticTest_private_field_no_longer_static;false;false;;false;false;true;true;;false;false;true;true;;false;false;true;true;
FormalTypeParameterChangedTest_bound_param_replaced_with_equivalent_resolved_bound;false;false;;false;false;true;true;;false;true;true;false;JApiCompatibilityChange{type=CLASS_GENERIC_TEMPLATE_CHANGED};false;true;true;false;formal type parameter changed
FormalTypeParameterChangedTest_method_param_renamed_used_as_parameter_type;false;false;;false;false;true;true;;false;true;true;false;JApiCompatibilityChange{type=CLASS_GENERIC_TEMPLATE_CHANGED};false;false;true;true;
FieldTypeChangedTest_boxing_binary_only;true;false;Linker: Exception in thread "main" java.lang.NoSuchFieldError: Class FieldTypeChangedTest_boxing_binary_only.A does not have member field 'int f';true;false;true;true;FIELD_TYPE_ERASURE_CHANGED;true;true;true;false;JApiCompatibilityChange{type=FIELD_TYPE_CHANGED};true;true;true;false;field type changed
FieldRemovedTest_field_now_initialized;false;false;;false;false;true;true;;false;false;true;true;;false;false;true;true;
ExecutableRemovedTest_record_implicit_constructor_changed;true;true;Compiler: compiler.err.prob.found.reqLinker: Exception in thread "main" java.lang.NoSuchMethodError: 'void ExecutableRemovedTest_record_implicit_constructor_changed.A.<init>(int)';true;true;true;true;EXECUTABLE_REMOVED, EXECUTABLE_REMOVED;true;true;true;true;JApiCompatibilityChange{type=METHOD_REMOVED}, JApiCompatibilityChange{type=METHOD_ADDED_TO_PUBLIC_CLASS}, JApiCompatibilityChange{type=CONSTRUCTOR_REMOVED};true;true;true;true;parameter type changed, method removed, method added
ClassNowStaticTest_nested_record_now_static;false;false;;false;false;true;true;;false;false;true;true;;false;false;true;true;
FieldTypeChangedTest_raw_to_parameterized;false;true;Compiler: compiler.err.prob.found.req;false;false;true;false;;false;true;true;true;JApiCompatibilityChange{type=FIELD_GENERICS_CHANGED};false;false;true;false;
ExecutableRemovedTest_leaked_protected_method_now_private_in_final;false;false;;false;false;true;true;;true;true;false;false;JApiCompatibilityChange{type=METHOD_LESS_ACCESSIBLE};true;true;false;false;method removed
AnnotationTargetRemovedTest_annotation_target_changed;false;true;Compiler: compiler.err.annotation.type.not.applicable;false;true;true;true;ANNOTATION_TARGET_REMOVED;false;false;true;false;JApiCompatibilityChange{type=ANNOTATION_MODIFIED};false;false;true;false;annotation attribute changed
ExecutableNoLongerThrowsCheckedExceptionTest_declared_exception_becomes_unchecked_is_compatible;false;false;;false;false;true;true;;false;false;true;true;JApiCompatibilityChange{type=SUPERCLASS_ADDED};true;true;false;false;new super class of non-final class
FieldRemovedTest_field_visibility_public_to_protected;true;true;Compiler: compiler.err.report.accessLinker: Exception in thread "main" java.lang.IllegalAccessError: class client.FieldRemovedTest_field_visibility_public_to_protected.Main tried to access protected field FieldRemovedTest_field_visibility_public_to_protected.A.f (client.FieldRemovedTest_field_visibility_public_to_protected.Main and FieldRemovedTest_field_visibility_public_to_protected.A are in unnamed module of loader 'app');true;true;true;true;FIELD_NOW_PROTECTED;true;true;true;true;JApiCompatibilityChange{type=FIELD_LESS_ACCESSIBLE};true;true;true;true;visibility reduced
ExecutableRemovedTest_method_now_varargs;true;true;Compiler: compiler.err.method.does.not.override.superclassLinker: Exception in thread "main" java.lang.NoSuchMethodError: 'void ExecutableRemovedTest_method_now_varargs.A.m(java.lang.Object, int)';true;true;true;true;EXECUTABLE_REMOVED;true;true;true;true;JApiCompatibilityChange{type=METHOD_REMOVED}, JApiCompatibilityChange{type=METHOD_ADDED_TO_PUBLIC_CLASS};true;true;true;true;parameter type changed
FieldNowFinalTest_field_now_final;true;true;Compiler: compiler.err.cant.assign.val.to.varLinker: Exception in thread "main" java.lang.IllegalAccessError: Update to non-static final field FieldNowFinalTest_field_now_final.A.f attempted from a different class (client.FieldNowFinalTest_field_now_final.Main) than the field's declaring class;true;true;true;true;FIELD_NOW_FINAL;true;true;true;true;JApiCompatibilityChange{type=FIELD_NOW_FINAL};true;true;true;true;field now constant, field now final
ClassNowFinalTest_nested_class_now_final;true;true;Compiler: compiler.err.cant.inherit.from.finalLinker: Exception in thread "main" java.lang.IncompatibleClassChangeError: class client.ClassNowFinalTest_nested_class_now_final.Main$1 cannot inherit from final class ClassNowFinalTest_nested_class_now_final.A$B;true;true;true;true;CLASS_NOW_FINAL;true;true;true;true;JApiCompatibilityChange{type=CLASS_NOW_NOT_EXTENDABLE};true;true;true;true;class now final
AnnotationMethodNoLongerDefaultTest_annotation_method_no_longer_default;false;true;Compiler: compiler.err.annotation.missing.default.value;false;true;true;true;ANNOTATION_METHOD_NO_LONGER_DEFAULT;false;false;true;false;;false;true;true;true;annotation attribute no longer has default value
FieldTypeChangedTest_class_constant_type_change_source_only;false;true;Compiler: compiler.err.prob.found.req;false;true;true;true;FIELD_TYPE_CHANGED_INCOMPATIBLE;true;true;false;true;JApiCompatibilityChange{type=FIELD_TYPE_CHANGED};true;true;false;true;constant field changed value, field type changed
ExecutableRemovedTest_record_implicit_constructor_changed_add;true;true;Compiler: compiler.err.cant.apply.symbolLinker: Exception in thread "main" java.lang.NoSuchMethodError: 'void ExecutableRemovedTest_record_implicit_constructor_changed_add.A.<init>(int)';true;true;true;true;EXECUTABLE_REMOVED;true;true;true;true;JApiCompatibilityChange{type=METHOD_ADDED_TO_PUBLIC_CLASS}, JApiCompatibilityChange{type=CONSTRUCTOR_REMOVED};true;true;true;true;number of parameters changed, method added
ExecutableNoLongerThrowsCheckedExceptionTest_checked_exception_replaced_by_unchecked_breaks;false;true;Compiler: compiler.err.except.never.thrown.in.try;false;true;true;true;EXECUTABLE_NO_LONGER_THROWS_CHECKED_EXCEPTION;false;true;true;true;JApiCompatibilityChange{type=METHOD_NO_LONGER_THROWS_CHECKED_EXCEPTION};false;true;true;true;Method newly throws runtime exceptions, Method no longer throws checked exceptions
FieldRemovedTest_field_visibility_pkg_private_to_private;false;false;;false;false;true;true;;true;true;false;false;JApiCompatibilityChange{type=FIELD_LESS_ACCESSIBLE};false;false;true;true;
ExecutableNowThrowsCheckedExceptionTest_method_now_throws_additional;false;true;Compiler: compiler.err.unreported.exception.need.to.catch.or.throw;false;true;true;true;EXECUTABLE_NOW_THROWS_CHECKED_EXCEPTION;false;true;true;true;JApiCompatibilityChange{type=METHOD_NOW_THROWS_CHECKED_EXCEPTION};false;true;true;true;Method newly throws checked exceptions
ExecutableNowThrowsCheckedExceptionTest_method_now_throws_throwable;false;true;Compiler: compiler.err.unreported.exception.need.to.catch.or.throw;false;true;true;true;EXECUTABLE_NOW_THROWS_CHECKED_EXCEPTION;false;true;true;true;JApiCompatibilityChange{type=METHOD_NO_LONGER_THROWS_CHECKED_EXCEPTION};false;true;true;true;Method newly throws checked exceptions, Method no longer throws checked exceptions
TypeRemovedTest_class_inner_public_in_class_public_removed;true;true;Compiler: compiler.err.cant.resolve.locationLinker: Exception in thread "main" java.lang.NoClassDefFoundError: TypeRemovedTest_class_inner_public_in_class_public_removed/A$I;true;true;true;true;TYPE_REMOVED;true;true;true;true;JApiCompatibilityChange{type=CONSTRUCTOR_REMOVED}, JApiCompatibilityChange{type=SUPERCLASS_REMOVED}, JApiCompatibilityChange{type=CLASS_REMOVED};true;true;true;true;class removed, class added
ClassNoLongerStaticTest_nested_annotation_no_longer_static;false;false;;false;false;true;true;;false;false;true;true;;false;false;true;true;
ImplicitObjectTest_object_methods_added_to_interface;false;false;;false;false;true;true;;false;true;true;false;JApiCompatibilityChange{type=METHOD_ADDED_TO_INTERFACE}, JApiCompatibilityChange{type=METHOD_ADDED_TO_INTERFACE}, JApiCompatibilityChange{type=METHOD_ADDED_TO_INTERFACE};true;true;false;false;Method now abstract, inherited method moved to class, Method now abstract, inherited method moved to class, removed annotation, Method now abstract, inherited method moved to class
AnnotationTargetRemovedTest_annotation_target_removed;false;true;Compiler: compiler.err.annotation.type.not.applicable;false;true;true;true;ANNOTATION_TARGET_REMOVED;false;false;true;false;JApiCompatibilityChange{type=ANNOTATION_MODIFIED};false;false;true;false;annotation attribute changed
ExecutableNoLongerThrowsCheckedExceptionTest_final_method_no_longer_throws;false;true;Compiler: compiler.err.except.never.thrown.in.try;false;true;true;true;EXECUTABLE_NO_LONGER_THROWS_CHECKED_EXCEPTION;false;true;true;true;JApiCompatibilityChange{type=METHOD_NO_LONGER_THROWS_CHECKED_EXCEPTION};false;true;true;true;Method no longer throws checked exceptions
FieldRemovedTest_leaked_public_field_no_longer_leaked;true;true;Compiler: compiler.err.cant.resolve.locationLinker: Exception in thread "main" java.lang.NoSuchFieldError: Class FieldRemovedTest_leaked_public_field_no_longer_leaked.B does not have member field 'int f1';true;true;true;true;FIELD_REMOVED;true;true;true;true;JApiCompatibilityChange{type=SUPERCLASS_REMOVED};true;true;true;true;field removed, removed super class
TypeNowSealedTest_interface_now_sealed;false;true;Compiler: compiler.err.local.classes.cant.extend.sealed;true;true;false;true;TYPE_NOW_SEALED;false;false;true;false;JApiCompatibilityChange{type=INTERFACE_ADDED};false;false;true;false;
ExecutableRemovedTest_method_parameters_changed;true;true;Compiler: compiler.err.cant.apply.symbolLinker: Exception in thread "main" java.lang.NoSuchMethodError: 'void ExecutableRemovedTest_method_parameters_changed.A.m1(int, java.lang.Object)';true;true;true;true;EXECUTABLE_REMOVED;true;true;true;true;JApiCompatibilityChange{type=METHOD_REMOVED}, JApiCompatibilityChange{type=METHOD_ADDED_TO_PUBLIC_CLASS};true;true;true;true;number of parameters changed
ClassNowFinalTest_record_now_final;false;false;;false;false;true;true;;false;false;true;true;;false;false;true;true;
ExecutableParameterGenericsChangedTest_concrete_to_upper_bounded_wildcard;false;true;Compiler: compiler.err.name.clash.same.erasure.no.override, compiler.err.method.does.not.override.superclass;false;true;true;true;EXECUTABLE_PARAMETER_GENERICS_CHANGED;false;false;true;false;;false;true;true;true;type parameter of method parameter changed
AnnotationMethodNoLongerDefaultTest_annotation_method_now_default;false;false;;false;false;true;true;;false;false;true;true;;false;false;true;true;annotation attribute now has default value
ExecutableNowThrowsCheckedExceptionTest_method_now_throws_error;false;false;;false;false;true;true;;false;false;true;true;;false;false;true;true;Method newly throws runtime exceptions
MethodNowStaticTest_final_method_now_static;true;false;Linker: Exception in thread "main" java.lang.IncompatibleClassChangeError: Expecting non-static method 'void MethodNowStaticTest_final_method_now_static.A.m()';true;false;true;true;METHOD_NOW_STATIC;true;true;true;false;JApiCompatibilityChange{type=METHOD_NOW_STATIC};true;false;true;true;method no longer final, method now static
ExecutableNowThrowsCheckedExceptionTest_constructor_now_throws_supertype;false;true;Compiler: compiler.err.unreported.exception.need.to.catch.or.throw;false;true;true;true;EXECUTABLE_NOW_THROWS_CHECKED_EXCEPTION, EXECUTABLE_NO_LONGER_THROWS_CHECKED_EXCEPTION;false;true;true;true;JApiCompatibilityChange{type=METHOD_NO_LONGER_THROWS_CHECKED_EXCEPTION}, JApiCompatibilityChange{type=METHOD_NOW_THROWS_CHECKED_EXCEPTION};false;true;true;true;Method newly throws checked exceptions, Method no longer throws checked exceptions
ExecutableNowThrowsCheckedExceptionTest_method_now_throws_unchecked;false;true;Compiler: compiler.err.except.never.thrown.in.try;false;true;true;true;EXECUTABLE_NO_LONGER_THROWS_CHECKED_EXCEPTION;false;true;true;true;JApiCompatibilityChange{type=METHOD_NO_LONGER_THROWS_CHECKED_EXCEPTION};false;true;true;true;Method newly throws runtime exceptions, Method no longer throws checked exceptions
TypeRemovedTest_class_inner_public_static_in_class_private_removed;false;false;;false;false;true;true;;true;true;false;false;JApiCompatibilityChange{type=CONSTRUCTOR_REMOVED}, JApiCompatibilityChange{type=SUPERCLASS_REMOVED}, JApiCompatibilityChange{type=CLASS_REMOVED};false;false;true;true;
ClassNowAbstractTest_implicitly_abstract_class_now_explicitly_abstract;false;false;;false;false;true;true;;true;true;false;false;JApiCompatibilityChange{type=CLASS_NOW_ABSTRACT};true;true;false;false;visibility increased, class now abstract
AnnotationTargetRemovedTest_default_annotation_target_compatible;false;false;;false;false;true;true;;false;false;true;true;JApiCompatibilityChange{type=ANNOTATION_ADDED};false;false;true;true;new annotation
ImplicitObjectTest_object_methods_now_abstract;true;true;Compiler: compiler.err.does.not.override.abstractLinker: Exception in thread "main" java.lang.AbstractMethodError: Receiver class client.ImplicitObjectTest_object_methods_now_abstract.Main$1 does not define or inherit an implementation of the resolved method 'abstract int hashCode()' of abstract class ImplicitObjectTest_object_methods_now_abstract.A.;true;true;true;true;METHOD_NOW_ABSTRACT, METHOD_NOW_ABSTRACT, METHOD_NOW_ABSTRACT;true;true;true;true;JApiCompatibilityChange{type=METHOD_NOW_ABSTRACT}, JApiCompatibilityChange{type=METHOD_NOW_ABSTRACT}, JApiCompatibilityChange{type=METHOD_NOW_ABSTRACT};true;true;true;true;Method now abstract, Method now abstract, Method now abstract
ClassNoLongerStaticTest_nested_class_in_interface_no_longer_static;false;false;;false;false;true;true;;false;false;true;true;;false;false;true;true;
FieldRemovedTest_leaked_public_field_now_private;true;true;Compiler: compiler.err.not.def.public.cant.accessLinker: Exception in thread "main" java.lang.IllegalAccessError: class client.FieldRemovedTest_leaked_public_field_now_private.Main tried to access field FieldRemovedTest_leaked_public_field_now_private.A.f1 (client.FieldRemovedTest_leaked_public_field_now_private.Main and FieldRemovedTest_leaked_public_field_now_private.A are in unnamed module of loader 'app');true;true;true;true;FIELD_REMOVED;true;true;true;true;JApiCompatibilityChange{type=FIELD_LESS_ACCESSIBLE};true;true;true;true;field removed
ExecutableNoLongerThrowsCheckedExceptionTest_final_method_throws_another_checked;false;true;Compiler: compiler.err.except.never.thrown.in.try, compiler.err.unreported.exception.need.to.catch.or.throw;false;true;true;true;EXECUTABLE_NOW_THROWS_CHECKED_EXCEPTION, EXECUTABLE_NO_LONGER_THROWS_CHECKED_EXCEPTION;false;true;true;true;JApiCompatibilityChange{type=METHOD_NO_LONGER_THROWS_CHECKED_EXCEPTION}, JApiCompatibilityChange{type=METHOD_NOW_THROWS_CHECKED_EXCEPTION};false;true;true;true;Method newly throws checked exceptions, Method no longer throws checked exceptions
ExecutableRemovedTest_method_visibility_protected_to_private;true;true;Compiler: compiler.err.method.does.not.override.superclass, compiler.err.report.accessLinker: Exception in thread "main" java.lang.IllegalAccessError: class client.ExecutableRemovedTest_method_visibility_protected_to_private.Main$1 tried to access private method 'void ExecutableRemovedTest_method_visibility_protected_to_private.A.m1()' (client.ExecutableRemovedTest_method_visibility_protected_to_private.Main$1 and ExecutableRemovedTest_method_visibility_protected_to_private.A are in unnamed module of loader 'app');true;true;true;true;EXECUTABLE_REMOVED;true;true;true;true;JApiCompatibilityChange{type=METHOD_LESS_ACCESSIBLE};true;true;true;true;visibility reduced
ClassNowFinalTest_subclass_now_final;true;true;Compiler: compiler.err.cant.inherit.from.finalLinker: Exception in thread "main" java.lang.IncompatibleClassChangeError: class client.ClassNowFinalTest_subclass_now_final.Main$1 cannot inherit from final class ClassNowFinalTest_subclass_now_final.B;true;true;true;true;METHOD_NOW_FINAL, CLASS_NOW_FINAL;true;true;true;true;JApiCompatibilityChange{type=CLASS_NOW_NOT_EXTENDABLE};true;true;true;true;class now final
TypeNowSealedTest_unsubclassable_class_with_extensible_subclass_now_sealed;false;false;;false;false;true;true;;false;false;true;true;;false;false;true;true;
ExecutableParameterGenericsChangedTest_concrete_to_upper_bounded_wildcard_final;false;false;;false;false;true;true;;false;false;true;true;;false;true;true;false;type parameter of method parameter changed
ExecutableNowThrowsCheckedExceptionTest_method_now_throws_indirect;false;true;Compiler: compiler.err.unreported.exception.need.to.catch.or.throw;false;true;true;true;EXECUTABLE_NOW_THROWS_CHECKED_EXCEPTION, EXECUTABLE_NOW_THROWS_CHECKED_EXCEPTION;false;true;true;true;JApiCompatibilityChange{type=METHOD_NOW_THROWS_CHECKED_EXCEPTION};false;true;true;true;Method newly throws checked exceptions
AnnotationNewMethodWithoutDefaultTest_new_annotation_method_with_default;false;false;;false;false;true;true;;false;true;true;false;JApiCompatibilityChange{type=METHOD_ADDED_TO_PUBLIC_CLASS}, JApiCompatibilityChange{type=METHOD_ABSTRACT_ADDED_TO_CLASS};true;true;false;false;abstract method added
ExecutableNowThrowsCheckedExceptionTest_static_method_now_throws;false;true;Compiler: compiler.err.unreported.exception.need.to.catch.or.throw;false;true;true;true;EXECUTABLE_NOW_THROWS_CHECKED_EXCEPTION;false;true;true;true;JApiCompatibilityChange{type=METHOD_NOW_THROWS_CHECKED_EXCEPTION};false;true;true;true;Method newly throws checked exceptions
ExecutableNowThrowsCheckedExceptionTest_final_class_method_now_throws_subtype;false;false;;false;false;true;true;;false;true;true;false;JApiCompatibilityChange{type=METHOD_NO_LONGER_THROWS_CHECKED_EXCEPTION}, JApiCompatibilityChange{type=METHOD_NOW_THROWS_CHECKED_EXCEPTION};false;true;true;false;Method newly throws checked exceptions, Method no longer throws checked exceptions
MethodNowStaticTest_method_in_final_class_now_static;true;false;Linker: Exception in thread "main" java.lang.IncompatibleClassChangeError: Expecting non-static method 'void MethodNowStaticTest_method_in_final_class_now_static.A.m()';true;false;true;true;METHOD_NOW_STATIC;true;true;true;false;JApiCompatibilityChange{type=METHOD_NOW_STATIC};true;false;true;true;method now static
TypeRemovedTest_class_inner_static_protected_in_class_public_removed;true;true;Compiler: compiler.err.cant.resolveLinker: Exception in thread "main" java.lang.NoClassDefFoundError: TypeRemovedTest_class_inner_static_protected_in_class_public_removed/A$I;true;true;true;true;TYPE_REMOVED;true;true;true;true;JApiCompatibilityChange{type=CONSTRUCTOR_REMOVED}, JApiCompatibilityChange{type=SUPERCLASS_REMOVED}, JApiCompatibilityChange{type=CLASS_REMOVED};true;true;true;true;class removed, class added
ClassNowAbstractTest_interface_now_abstract;false;false;;false;false;true;true;;false;false;true;true;;false;false;true;true;
ImplicitObjectTest_object_methods_removed_from_class;false;false;;false;false;true;true;;false;false;true;true;;false;false;true;true;method moved to superclass, method moved to superclass, new annotation, method moved to superclass
FieldRemovedTest_public_field_removed;true;true;Compiler: compiler.err.cant.resolve.locationLinker: Exception in thread "main" java.lang.NoSuchFieldError: Class FieldRemovedTest_public_field_removed.A does not have member field 'int f';true;true;true;true;FIELD_REMOVED;true;true;true;true;JApiCompatibilityChange{type=FIELD_REMOVED};true;true;true;true;field removed
AnnotationTargetRemovedTest_default_annotation_target_incompatible;false;true;Compiler: compiler.err.annotation.type.not.applicable;false;true;true;true;ANNOTATION_TARGET_REMOVED;false;false;true;false;JApiCompatibilityChange{type=ANNOTATION_ADDED};false;false;true;false;new annotation
ExecutableNoLongerThrowsCheckedExceptionTest_interface_default_method_no_longer_throws;false;true;Compiler: compiler.err.except.never.thrown.in.try;false;true;true;true;EXECUTABLE_NO_LONGER_THROWS_CHECKED_EXCEPTION;false;true;true;true;JApiCompatibilityChange{type=METHOD_NO_LONGER_THROWS_CHECKED_EXCEPTION};false;true;true;true;Method no longer throws checked exceptions
ClassNowFinalTest_unconcretizable_class_becomes_final;false;true;Compiler: compiler.err.cant.inherit.from.final;true;true;false;true;CLASS_NOW_FINAL, METHOD_NOW_FINAL;true;true;false;true;JApiCompatibilityChange{type=CLASS_NOW_NOT_EXTENDABLE};true;true;false;true;Method no longer abstract, class no longer abstract, class now final
ExecutableParameterGenericsChangedTest_different_generic_arguments;false;true;Compiler: compiler.err.prob.found.req;false;true;true;true;EXECUTABLE_PARAMETER_GENERICS_CHANGED;false;false;true;false;;false;true;true;true;type parameter of method parameter changed
ExecutableNowThrowsCheckedExceptionTest_method_now_throws_indirect_with_override_without_throws;false;true;Compiler: compiler.err.unreported.exception.need.to.catch.or.throw;false;true;true;true;EXECUTABLE_NOW_THROWS_CHECKED_EXCEPTION;false;true;true;true;JApiCompatibilityChange{type=METHOD_NOW_THROWS_CHECKED_EXCEPTION};false;true;true;true;Method newly throws checked exceptions
TypeRemovedTest_annotation_interface_removed;false;true;Compiler: compiler.err.cant.resolve.location;true;true;false;true;TYPE_REMOVED;true;true;false;true;JApiCompatibilityChange{type=CLASS_NO_LONGER_PUBLIC}, JApiCompatibilityChange{type=CLASS_LESS_ACCESSIBLE};true;true;false;true;class removed
ExecutableRemovedTest_method_visibility_reduced_from_public_to_package_private;true;true;Compiler: compiler.err.not.def.public.cant.accessLinker: Exception in thread "main" java.lang.IllegalAccessError: class client.ExecutableRemovedTest_method_visibility_reduced_from_public_to_package_private.Main tried to access method 'void ExecutableRemovedTest_method_visibility_reduced_from_public_to_package_private.A.m1()' (client.ExecutableRemovedTest_method_visibility_reduced_from_public_to_package_private.Main and ExecutableRemovedTest_method_visibility_reduced_from_public_to_package_private.A are in unnamed module of loader 'app');true;true;true;true;EXECUTABLE_REMOVED;true;true;true;true;JApiCompatibilityChange{type=METHOD_LESS_ACCESSIBLE};true;true;true;true;visibility reduced
ClassNoLongerStaticTest_nested_class_no_longer_static;true;true;Compiler: compiler.err.encl.class.requiredLinker: Exception in thread "main" java.lang.NoSuchMethodError: ClassNoLongerStaticTest_nested_class_no_longer_static.A$B: method 'void <init>()' not found;true;true;true;true;CLASS_NO_LONGER_STATIC;true;true;true;true;JApiCompatibilityChange{type=CONSTRUCTOR_REMOVED};false;false;false;false;
AnnotationNewMethodWithoutDefaultTest_new_annotation_method_without_default;false;true;Compiler: compiler.err.annotation.missing.default.value;false;true;true;true;ANNOTATION_NEW_METHOD_WITHOUT_DEFAULT;false;true;true;true;JApiCompatibilityChange{type=METHOD_ADDED_TO_PUBLIC_CLASS}, JApiCompatibilityChange{type=METHOD_ABSTRACT_ADDED_TO_CLASS};true;true;false;true;abstract method added
ExecutableNowThrowsCheckedExceptionTest_final_method_now_throws_subtype;false;false;;false;false;true;true;;false;true;true;false;JApiCompatibilityChange{type=METHOD_NO_LONGER_THROWS_CHECKED_EXCEPTION}, JApiCompatibilityChange{type=METHOD_NOW_THROWS_CHECKED_EXCEPTION};false;true;true;false;Method newly throws checked exceptions, Method no longer throws checked exceptions
MethodNowStaticTest_overridable_method_now_static;true;true;Compiler: compiler.err.override.meth, compiler.err.method.does.not.override.superclassLinker: Exception in thread "main" java.lang.IncompatibleClassChangeError: Expecting non-static method 'void MethodNowStaticTest_overridable_method_now_static.A.m()';true;true;true;true;METHOD_NOW_STATIC, METHOD_OVERRIDABLE_NOW_STATIC;true;true;true;true;JApiCompatibilityChange{type=METHOD_NOW_STATIC};true;false;true;false;method now static
ExecutableParameterGenericsChangedTest_concrete_to_lower_bounded_wildcard;false;true;Compiler: compiler.err.name.clash.same.erasure.no.override, compiler.err.method.does.not.override.superclass;false;true;true;true;EXECUTABLE_PARAMETER_GENERICS_CHANGED;false;false;true;false;;false;true;true;true;type parameter of method parameter changed
TypeRemovedTest_class_inner_static_public_in_class_private_removed;false;false;;false;false;true;true;;true;true;false;false;JApiCompatibilityChange{type=CONSTRUCTOR_REMOVED}, JApiCompatibilityChange{type=SUPERCLASS_REMOVED}, JApiCompatibilityChange{type=CLASS_REMOVED};false;false;true;true;
ImplicitObjectTest_object_methods_removed_from_interface;false;false;;false;false;true;true;;false;false;true;true;;false;false;true;true;Method no longer abstract, method moved to superclass, Method no longer abstract, method moved to superclass, new annotation, Method no longer abstract, method moved to superclass
FieldRemovedTest_record_field_removed;true;true;Compiler: compiler.err.cant.apply.symbolLinker: Exception in thread "main" java.lang.NoSuchMethodError: 'void FieldRemovedTest_record_field_removed.A.<init>(int)';true;true;true;true;EXECUTABLE_REMOVED, EXECUTABLE_REMOVED;true;true;true;true;JApiCompatibilityChange{type=METHOD_REMOVED}, JApiCompatibilityChange{type=CONSTRUCTOR_REMOVED};true;true;true;true;number of parameters changed, method removed
ClassNowAbstractTest_subclass_now_abstract;true;true;Compiler: compiler.err.abstract.cant.be.instantiatedLinker: Exception in thread "main" java.lang.InstantiationError: ClassNowAbstractTest_subclass_now_abstract.B;true;true;true;true;CLASS_NOW_ABSTRACT;true;true;true;true;JApiCompatibilityChange{type=CLASS_NOW_ABSTRACT};true;true;true;true;class now abstract
FormalTypeParameterRemovedTest_method_second_param_removed;false;true;Compiler: compiler.err.cant.apply.symbol.noargs;false;true;true;true;FORMAL_TYPE_PARAMETER_REMOVED;false;true;true;true;JApiCompatibilityChange{type=CLASS_GENERIC_TEMPLATE_CHANGED};false;true;true;true;formal type parameter removed
ClassNoLongerConcretelyExtensibleTest_adding_package_private_abstract_method_to_concretizable_class;false;true;Compiler: compiler.err.does.not.override.abstract;true;true;false;true;CLASS_NO_LONGER_CONCRETELY_EXTENSIBLE;false;true;true;true;JApiCompatibilityChange{type=METHOD_ABSTRACT_ADDED_TO_CLASS};false;false;true;false;
ExecutableNoLongerThrowsCheckedExceptionTest_method_no_longer_throws;false;true;Compiler: compiler.err.except.never.thrown.in.try;false;true;true;true;EXECUTABLE_NO_LONGER_THROWS_CHECKED_EXCEPTION;false;true;true;true;JApiCompatibilityChange{type=METHOD_NO_LONGER_THROWS_CHECKED_EXCEPTION};false;true;true;true;Method no longer throws checked exceptions
ExecutableParameterGenericsChangedTest_generic_method_wildcard_added;false;true;Compiler: compiler.err.name.clash.same.erasure.no.override, compiler.err.method.does.not.override.superclass;false;true;true;true;EXECUTABLE_PARAMETER_GENERICS_CHANGED;false;false;true;false;;false;true;true;true;type parameter of method parameter changed
ClassNowStaticTest_doubly_nested_class_now_static;true;true;Compiler: compiler.err.qualified.new.of.static.classLinker: Exception in thread "main" java.lang.NoSuchMethodError: 'void ClassNowStaticTest_doubly_nested_class_now_static.A$B$C.<init>(ClassNowStaticTest_doubly_nested_class_now_static.A$B)';true;true;true;true;CLASS_NOW_STATIC;true;true;true;true;JApiCompatibilityChange{type=CONSTRUCTOR_REMOVED};false;false;false;false;
ExecutableNowThrowsCheckedExceptionTest_method_now_throws_multiple_from_none;false;true;Compiler: compiler.err.unreported.exception.need.to.catch.or.throw;false;true;true;true;EXECUTABLE_NOW_THROWS_CHECKED_EXCEPTION, EXECUTABLE_NOW_THROWS_CHECKED_EXCEPTION;false;true;true;true;JApiCompatibilityChange{type=METHOD_NOW_THROWS_CHECKED_EXCEPTION};false;true;true;true;Method newly throws checked exceptions, Method newly throws checked exceptions
AnnotationTargetRemovedTest_empty_annotation_target_compatible;false;false;;false;false;true;true;;false;false;true;true;JApiCompatibilityChange{type=ANNOTATION_MODIFIED};false;false;true;true;annotation attribute changed
AnnotationNoLongerRepeatableTest_annotation_no_longer_repeatable;false;true;Compiler: compiler.err.duplicate.annotation.missing.container;false;true;true;true;ANNOTATION_NO_LONGER_REPEATABLE;false;false;true;false;JApiCompatibilityChange{type=ANNOTATION_REMOVED};false;false;true;false;removed annotation
TypeRemovedTest_anonymous_nested_class_removed;false;false;;false;false;true;true;;true;true;false;false;JApiCompatibilityChange{type=CONSTRUCTOR_REMOVED}, JApiCompatibilityChange{type=SUPERCLASS_REMOVED}, JApiCompatibilityChange{type=CLASS_REMOVED};false;false;true;true;
ClassNoLongerStaticTest_nested_enum_no_longer_static;false;false;;false;false;true;true;;false;false;true;true;;false;false;true;true;
ExecutableRemovedTest_overloaded_constructor_removed;true;true;Compiler: compiler.err.prob.found.reqLinker: Exception in thread "main" java.lang.NoSuchMethodError: 'void ExecutableRemovedTest_overloaded_constructor_removed.A.<init>(boolean)';true;true;true;true;EXECUTABLE_REMOVED;true;true;true;true;JApiCompatibilityChange{type=CONSTRUCTOR_REMOVED};true;true;true;true;method removed
ExecutableNowThrowsCheckedExceptionTest_final_method_now_throws_supertype;false;true;Compiler: compiler.err.unreported.exception.need.to.catch.or.throw;false;true;true;true;EXECUTABLE_NOW_THROWS_CHECKED_EXCEPTION, EXECUTABLE_NO_LONGER_THROWS_CHECKED_EXCEPTION;false;true;true;true;JApiCompatibilityChange{type=METHOD_NO_LONGER_THROWS_CHECKED_EXCEPTION}, JApiCompatibilityChange{type=METHOD_NOW_THROWS_CHECKED_EXCEPTION};false;true;true;true;Method newly throws checked exceptions, Method no longer throws checked exceptions
MethodNowStaticTest_private_method_now_static;false;false;;false;false;true;true;;false;false;true;true;;false;false;true;true;
ExecutableParameterGenericsChangedTest_concrete_to_lower_bounded_wildcard_final;false;false;;false;false;true;true;;false;false;true;true;;false;true;true;false;type parameter of method parameter changed
MethodNoLongerStaticTest_method_no_longer_static;true;true;Compiler: compiler.err.non-static.cant.be.refLinker: Exception in thread "main" java.lang.IncompatibleClassChangeError: Expected static method 'void MethodNoLongerStaticTest_method_no_longer_static.A.m()';true;true;true;true;METHOD_NO_LONGER_STATIC;true;true;true;true;JApiCompatibilityChange{type=METHOD_NO_LONGER_STATIC};true;true;true;true;method no longer static
TypeRemovedTest_class_inner_static_public_in_class_public_removed;true;true;Compiler: compiler.err.cant.resolve.locationLinker: Exception in thread "main" java.lang.NoClassDefFoundError: TypeRemovedTest_class_inner_static_public_in_class_public_removed/A$I;true;true;true;true;TYPE_REMOVED;true;true;true;true;JApiCompatibilityChange{type=CONSTRUCTOR_REMOVED}, JApiCompatibilityChange{type=SUPERCLASS_REMOVED}, JApiCompatibilityChange{type=CLASS_REMOVED};true;true;true;true;class removed, class added
ImplicitObjectTest_abstract_object_methods_added_to_abstract_class;false;true;Compiler: compiler.err.does.not.override.abstract;false;false;true;false;;false;true;true;true;JApiCompatibilityChange{type=METHOD_ADDED_TO_PUBLIC_CLASS}, JApiCompatibilityChange{type=METHOD_ABSTRACT_ADDED_TO_CLASS}, JApiCompatibilityChange{type=METHOD_ADDED_TO_PUBLIC_CLASS}, JApiCompatibilityChange{type=METHOD_ABSTRACT_ADDED_TO_CLASS}, JApiCompatibilityChange{type=METHOD_ADDED_TO_PUBLIC_CLASS}, JApiCompatibilityChange{type=METHOD_ABSTRACT_ADDED_TO_CLASS};true;true;false;true;Method now abstract, inherited method moved to class, Method now abstract, inherited method moved to class, removed annotation, Method now abstract, inherited method moved to class
FieldTypeChangedTest_reference_subtype_final_binary_only;true;false;Linker: Exception in thread "main" java.lang.NoSuchFieldError: Class FieldTypeChangedTest_reference_subtype_final_binary_only.A does not have member field 'java.io.InputStream f';true;false;true;true;FIELD_TYPE_ERASURE_CHANGED;true;true;true;false;JApiCompatibilityChange{type=FIELD_TYPE_CHANGED};true;true;true;false;field type changed
ClassNowCheckedExceptionTest_checked_exception_becomes_specific;false;false;;false;false;true;true;;false;false;true;true;JApiCompatibilityChange{type=SUPERCLASS_ADDED};true;true;false;false;new super class of non-final class
ExecutableNoLongerThrowsCheckedExceptionTest_method_no_longer_throws_all_of_multiple;false;true;Compiler: compiler.err.except.never.thrown.in.try, compiler.err.except.never.thrown.in.try;false;true;true;true;EXECUTABLE_NO_LONGER_THROWS_CHECKED_EXCEPTION, EXECUTABLE_NO_LONGER_THROWS_CHECKED_EXCEPTION;false;true;true;true;JApiCompatibilityChange{type=METHOD_NO_LONGER_THROWS_CHECKED_EXCEPTION};false;true;true;true;Method no longer throws checked exceptions, Method no longer throws checked exceptions
ClassNoLongerConcretelyExtensibleTest_making_package_private_method_abstract_in_concretizable_class;false;true;Compiler: compiler.err.does.not.override.abstract;true;true;false;true;CLASS_NO_LONGER_CONCRETELY_EXTENSIBLE;true;true;false;true;JApiCompatibilityChange{type=METHOD_NOW_ABSTRACT};false;false;true;false;
ExecutableParameterGenericsChangedTest_generic_method_wildcard_added_final;false;false;;false;false;true;true;;false;false;true;true;;false;true;true;false;type parameter of method parameter changed
ClassNowStaticTest_nested_annotation_now_static;false;false;;false;false;true;true;;false;false;true;true;;false;false;true;true;
AnnotationTargetRemovedTest_empty_annotation_target_incompatible;false;true;Compiler: compiler.err.annotation.type.not.applicable;false;true;true;true;ANNOTATION_TARGET_REMOVED;false;false;true;false;JApiCompatibilityChange{type=ANNOTATION_MODIFIED};false;false;true;false;annotation attribute changed
ClassNowCheckedExceptionTest_class_becomes_runtime_exception;false;false;;false;false;true;true;;false;false;true;true;JApiCompatibilityChange{type=SUPERCLASS_ADDED}, JApiCompatibilityChange{type=INTERFACE_ADDED};true;true;false;false;final method added to non-final class, method added, method added, method added, method added, method added, final method added to non-final class, method added, method added, method added, method added, method added, new super class of non-final class
MethodNowAbstractTest_super_concrete_method_becomes_abstract_implicit;true;true;Compiler: compiler.err.does.not.override.abstractLinker: Exception in thread "main" java.lang.AbstractMethodError: Receiver class client.MethodNowAbstractTest_super_concrete_method_becomes_abstract_implicit.Main$1 does not define or inherit an implementation of the resolved method 'abstract void m()' of abstract class MethodNowAbstractTest_super_concrete_method_becomes_abstract_implicit.B.;true;true;true;true;METHOD_NOW_ABSTRACT;false;true;false;true;JApiCompatibilityChange{type=METHOD_ADDED_TO_PUBLIC_CLASS}, JApiCompatibilityChange{type=METHOD_ABSTRACT_ADDED_TO_CLASS};true;true;true;true;Method now abstract, inherited method moved to class
ExecutableNowThrowsCheckedExceptionTest_method_now_throws_subtype;false;true;Compiler: compiler.err.override.meth.doesnt.throw;false;true;true;true;EXECUTABLE_NO_LONGER_THROWS_CHECKED_EXCEPTION;false;true;true;true;JApiCompatibilityChange{type=METHOD_NO_LONGER_THROWS_CHECKED_EXCEPTION}, JApiCompatibilityChange{type=METHOD_NOW_THROWS_CHECKED_EXCEPTION};false;true;true;true;Method newly throws checked exceptions, Method no longer throws checked exceptions
ExecutableRemovedTest_overloaded_method_removed;true;true;Compiler: compiler.err.cant.apply.symbolLinker: Exception in thread "main" java.lang.NoSuchMethodError: 'void ExecutableRemovedTest_overloaded_method_removed.A.m1(int)';true;true;true;true;EXECUTABLE_REMOVED;true;true;true;true;JApiCompatibilityChange{type=METHOD_REMOVED};true;true;true;true;method removed
AnnotationTargetRemovedTest_annotation_target_added;false;false;;false;false;true;true;;false;false;true;true;JApiCompatibilityChange{type=ANNOTATION_MODIFIED};false;false;true;true;annotation attribute changed
FormalTypeParameterRemovedTest_class_second_param_removed;false;true;Compiler: compiler.err.wrong.number.type.args;false;true;true;true;FORMAL_TYPE_PARAMETER_REMOVED;false;true;true;true;JApiCompatibilityChange{type=CLASS_GENERIC_TEMPLATE_CHANGED};false;true;true;true;formal type parameter removed
TypeRemovedTest_class_inner_private_in_class_public_removed;false;false;;false;false;true;true;;true;true;false;false;JApiCompatibilityChange{type=CONSTRUCTOR_REMOVED}, JApiCompatibilityChange{type=SUPERCLASS_REMOVED}, JApiCompatibilityChange{type=CLASS_REMOVED};false;false;true;true;
MethodNowAbstractTest_default_now_abstract;true;true;Compiler: compiler.err.does.not.override.abstract, compiler.err.cant.resolve.argsLinker: Exception in thread "main" java.lang.AbstractMethodError: Receiver class client.MethodNowAbstractTest_default_now_abstract.Main$1 does not define or inherit an implementation of the resolved method 'abstract void m()' of interface MethodNowAbstractTest_default_now_abstract.I.;true;true;true;true;METHOD_NOW_ABSTRACT;true;true;true;true;JApiCompatibilityChange{type=METHOD_NOW_ABSTRACT};true;true;true;true;method no longer default, Method now abstract
FieldTypeChangedTest_type_formal_type_parameter_renamed_nested_field_type_no_break;false;false;;false;false;true;true;;false;true;true;false;JApiCompatibilityChange{type=FIELD_GENERICS_CHANGED}, JApiCompatibilityChange{type=CLASS_GENERIC_TEMPLATE_CHANGED};false;false;true;true;
ClassNoLongerStaticTest_nested_interface_no_longer_static;false;false;;false;false;true;true;;false;false;true;true;;false;false;true;true;
ExecutableNowThrowsCheckedExceptionTest_interface_default_method_now_throws;false;true;Compiler: compiler.err.unreported.exception.need.to.catch.or.throw;false;true;true;true;EXECUTABLE_NOW_THROWS_CHECKED_EXCEPTION;false;true;true;true;JApiCompatibilityChange{type=METHOD_NOW_THROWS_CHECKED_EXCEPTION};false;true;true;true;Method newly throws checked exceptions
MethodNowStaticTest_sealed_interface_method_now_static;true;true;Compiler: compiler.err.illegal.static.intf.meth.callLinker: Exception in thread "main" java.lang.IncompatibleClassChangeError: Expected instance not static method 'void MethodNowStaticTest_sealed_interface_method_now_static.I.m()';true;true;true;true;METHOD_NOW_STATIC, METHOD_OVERRIDABLE_NOW_STATIC;true;true;true;true;JApiCompatibilityChange{type=METHOD_NON_STATIC_IN_INTERFACE_NOW_STATIC};true;true;true;true;method now static, method no longer default
TypeRemovedTest_class_now_package_private;true;true;Compiler: compiler.err.cant.resolve.locationLinker: Exception in thread "main" java.lang.IllegalAccessError: failed to access class TypeRemovedTest_class_now_package_private.A from class client.TypeRemovedTest_class_now_package_private.Main (TypeRemovedTest_class_now_package_private.A and client.TypeRemovedTest_class_now_package_private.Main are in unnamed module of loader 'app');true;true;true;true;TYPE_REMOVED;true;true;true;true;JApiCompatibilityChange{type=CONSTRUCTOR_LESS_ACCESSIBLE}, JApiCompatibilityChange{type=CLASS_NO_LONGER_PUBLIC}, JApiCompatibilityChange{type=CLASS_LESS_ACCESSIBLE};true;true;true;true;class removed
ExecutableParameterGenericsChangedTest_concrete_to_unbounded_wildcard;false;true;Compiler: compiler.err.name.clash.same.erasure.no.override, compiler.err.method.does.not.override.superclass;false;true;true;true;EXECUTABLE_PARAMETER_GENERICS_CHANGED;false;false;true;false;;false;true;true;true;type parameter of method parameter changed
MethodNoLongerStaticTest_private_method_no_longer_static;false;false;;false;false;true;true;;false;false;true;true;;false;false;true;true;
ClassNowCheckedExceptionTest_class_becomes_error;false;false;;false;false;true;true;;false;false;true;true;JApiCompatibilityChange{type=SUPERCLASS_ADDED}, JApiCompatibilityChange{type=INTERFACE_ADDED};true;true;false;false;final method added to non-final class, method added, method added, method added, method added, method added, final method added to non-final class, method added, method added, method added, method added, method added, new super class of non-final class
ExecutableParameterGenericsChangedTest_generic_method_wildcard_removed;false;true;Compiler: compiler.err.prob.found.req;false;true;true;true;EXECUTABLE_PARAMETER_GENERICS_CHANGED;false;false;true;false;;false;true;true;true;type parameter of method parameter changed
MethodNoLongerVarargsTest_constructor_no_longer_varargs_last;true;true;Compiler: compiler.err.cant.apply.symbolLinker: Exception in thread "main" java.lang.NoSuchMethodError: 'void MethodNoLongerVarargsTest_constructor_no_longer_varargs_last.A.<init>(java.lang.Object, int[])';true;true;true;true;EXECUTABLE_REMOVED;true;true;true;true;JApiCompatibilityChange{type=CONSTRUCTOR_REMOVED};true;true;true;true;parameter type changed
ImplicitObjectTest_class_no_longer_object;false;false;;false;false;true;true;;false;false;true;true;;false;false;true;true;
FieldTypeChangedTest_reference_subtype_non_final_binary_and_source;true;true;Compiler: compiler.err.prob.found.reqLinker: Exception in thread "main" java.lang.NoSuchFieldError: Class FieldTypeChangedTest_reference_subtype_non_final_binary_and_source.A does not have member field 'java.io.InputStream f';true;true;true;true;FIELD_TYPE_ERASURE_CHANGED, FIELD_TYPE_CHANGED_INCOMPATIBLE;true;true;true;true;JApiCompatibilityChange{type=FIELD_TYPE_CHANGED};true;true;true;true;field type changed
MethodNowFinalTest_method_now_final;true;true;Compiler: compiler.err.override.methLinker: Exception in thread "main" java.lang.IncompatibleClassChangeError: class client.MethodNowFinalTest_method_now_final.Main$1 overrides final method MethodNowFinalTest_method_now_final.A.m()V;true;true;true;true;METHOD_NOW_FINAL;true;true;true;true;JApiCompatibilityChange{type=METHOD_NOW_FINAL};true;true;true;true;method now final
ClassNowCheckedExceptionTest_class_becomes_specific_checked_exception;false;false;;false;false;true;true;;false;false;true;true;JApiCompatibilityChange{type=SUPERCLASS_ADDED}, JApiCompatibilityChange{type=INTERFACE_ADDED};true;true;false;false;final method added to non-final class, method added, method added, method added, method added, method added, final method added to non-final class, method added, method added, method added, method added, method added, new super class of non-final class
ClassNoLongerConcretelyExtensibleTest_abstract_method_no_longer_overridden;false;true;Compiler: compiler.err.does.not.override.abstract, compiler.err.method.does.not.override.superclass;true;true;false;true;CLASS_NO_LONGER_CONCRETELY_EXTENSIBLE, EXECUTABLE_REMOVED;false;false;true;false;;true;true;false;true;method removed
ClassNoLongerConcretelyExtensibleTest_new_abstract_method_in_unconcretizable_class;false;false;;false;false;true;true;;false;true;true;false;JApiCompatibilityChange{type=METHOD_ADDED_TO_PUBLIC_CLASS}, JApiCompatibilityChange{type=METHOD_ABSTRACT_ADDED_TO_CLASS};true;true;false;false;abstract method added
ExecutableNowThrowsCheckedExceptionTest_method_now_throws_supertype;false;true;Compiler: compiler.err.unreported.exception.need.to.catch.or.throw;false;true;true;true;EXECUTABLE_NOW_THROWS_CHECKED_EXCEPTION;false;true;true;true;JApiCompatibilityChange{type=METHOD_NO_LONGER_THROWS_CHECKED_EXCEPTION}, JApiCompatibilityChange{type=METHOD_NOW_THROWS_CHECKED_EXCEPTION};false;true;true;true;Method newly throws checked exceptions, Method no longer throws checked exceptions
FormalTypeParameterChangedTest_simultaneous_type_and_exec_rename;false;false;;false;false;true;true;;false;true;true;false;JApiCompatibilityChange{type=CLASS_GENERIC_TEMPLATE_CHANGED}, JApiCompatibilityChange{type=CLASS_GENERIC_TEMPLATE_CHANGED};false;false;true;true;
FieldTypeChangedTest_type_parameter_bound_refinement_final_no_break;false;false;;false;false;true;true;;false;false;true;true;;false;false;true;true;
TypeRemovedTest_class_inner_protected_in_class_public_removed;true;true;Compiler: compiler.err.cant.resolveLinker: Exception in thread "main" java.lang.NoClassDefFoundError: TypeRemovedTest_class_inner_protected_in_class_public_removed/A$I;true;true;true;true;TYPE_REMOVED;true;true;true;true;JApiCompatibilityChange{type=CONSTRUCTOR_REMOVED}, JApiCompatibilityChange{type=SUPERCLASS_REMOVED}, JApiCompatibilityChange{type=CLASS_REMOVED};true;true;true;true;class removed, class added
MethodNowAbstractTest_default_now_abstract_in_sealed_interface;false;false;;false;false;true;true;;true;true;false;false;JApiCompatibilityChange{type=METHOD_NOW_ABSTRACT}, JApiCompatibilityChange{type=METHOD_ADDED_TO_PUBLIC_CLASS};true;true;false;false;method no longer default, Method now abstract, inherited method moved to class
ExecutableNowThrowsCheckedExceptionTest_method_now_throws;false;true;Compiler: compiler.err.unreported.exception.need.to.catch.or.throw;false;true;true;true;EXECUTABLE_NOW_THROWS_CHECKED_EXCEPTION;false;true;true;true;JApiCompatibilityChange{type=METHOD_NOW_THROWS_CHECKED_EXCEPTION};false;true;true;true;Method newly throws checked exceptions
FormalTypeParameterRemovedTest_constructor_all_params_removed_multiple;false;false;;false;false;true;true;;false;true;true;false;JApiCompatibilityChange{type=CLASS_GENERIC_TEMPLATE_CHANGED};false;true;true;false;formal type parameter removed, formal type parameter removed
ClassNoLongerStaticTest_nested_record_no_longer_static;false;false;;false;false;true;true;;false;false;true;true;;false;false;true;true;
MethodReturnTypeChangedTest_annotation_interface_method_binary_and_source;false;true;Compiler: compiler.err.prob.found.req;true;true;false;true;METHOD_RETURN_TYPE_ERASURE_CHANGED, METHOD_RETURN_TYPE_CHANGED_INCOMPATIBLE;true;true;false;true;JApiCompatibilityChange{type=METHOD_RETURN_TYPE_CHANGED};true;true;false;true;return type changed
TypeRemovedTest_class_private_removed;false;false;;false;false;true;true;;true;true;false;false;JApiCompatibilityChange{type=CONSTRUCTOR_REMOVED}, JApiCompatibilityChange{type=SUPERCLASS_REMOVED}, JApiCompatibilityChange{type=CLASS_REMOVED};false;false;true;true;
ExecutableParameterGenericsChangedTest_concrete_to_unbounded_wildcard_final;false;false;;false;false;true;true;;false;false;true;true;;false;true;true;false;type parameter of method parameter changed
MethodNoLongerVarargsTest_constructor_no_longer_varargs_first;true;true;Compiler: compiler.err.cant.apply.symbolLinker: Exception in thread "main" java.lang.NoSuchMethodError: 'void MethodNoLongerVarargsTest_constructor_no_longer_varargs_first.A.<init>(int[])';true;true;true;true;EXECUTABLE_REMOVED;true;true;true;true;JApiCompatibilityChange{type=CONSTRUCTOR_REMOVED};true;true;true;true;parameter type changed
MethodNowFinalTest_method_now_final_in_effectively_final_class;false;false;;false;false;true;true;;true;true;false;false;JApiCompatibilityChange{type=METHOD_NOW_FINAL};true;true;false;false;method now final
FieldTypeChangedTest_reference_supertype_non_final_binary_and_source;true;true;Compiler: compiler.err.prob.found.reqLinker: Exception in thread "main" java.lang.NoSuchFieldError: Class FieldTypeChangedTest_reference_supertype_non_final_binary_and_source.A does not have member field 'java.io.FileInputStream f';true;true;true;true;FIELD_TYPE_ERASURE_CHANGED, FIELD_TYPE_CHANGED_INCOMPATIBLE;true;true;true;true;JApiCompatibilityChange{type=FIELD_TYPE_CHANGED};true;true;true;true;field type changed
MethodNoLongerVarargsTest_constructor_overloaded_varargs;false;false;;false;false;true;true;;false;false;true;true;;false;false;true;true;
ImplicitObjectTest_class_now_object;false;false;;false;false;true;true;;false;false;true;true;;false;false;true;true;
ClassNoLongerConcretelyExtensibleTest_new_abstract_method_in_unconcretizable_class_inherited;false;false;;false;false;true;true;;false;true;true;false;JApiCompatibilityChange{type=METHOD_ADDED_TO_PUBLIC_CLASS}, JApiCompatibilityChange{type=METHOD_ABSTRACT_ADDED_TO_CLASS};true;true;false;false;abstract method added
ExecutableParameterGenericsChangedTest_lower_bounded_wildcard_narrowed;false;true;Compiler: compiler.err.name.clash.same.erasure.no.override, compiler.err.method.does.not.override.superclass;false;true;true;true;EXECUTABLE_PARAMETER_GENERICS_CHANGED;false;false;true;false;;false;true;true;true;type parameter of method parameter changed
ClassNowCheckedExceptionTest_class_becomes_generic_checked_exception;false;false;;false;false;true;true;;false;true;true;false;JApiCompatibilityChange{type=SUPERCLASS_ADDED}, JApiCompatibilityChange{type=INTERFACE_ADDED}, JApiCompatibilityChange{type=CLASS_NOW_CHECKED_EXCEPTION};true;true;false;false;final method added to non-final class, method added, method added, method added, method added, method added, final method added to non-final class, method added, method added, method added, method added, method added, new super class of non-final class
ClassNowCheckedExceptionTest_class_becomes_throwable;false;false;;false;false;true;true;;false;false;true;true;JApiCompatibilityChange{type=SUPERCLASS_ADDED}, JApiCompatibilityChange{type=INTERFACE_ADDED};true;true;false;false;final method added to non-final class, method added, method added, method added, method added, method added, final method added to non-final class, method added, method added, method added, method added, method added, new super class of non-final class
FieldTypeChangedTest_type_parameter_bound_refinement_non_final_source_only;false;true;Compiler: compiler.err.prob.found.req;false;true;true;true;FIELD_TYPE_CHANGED_INCOMPATIBLE;false;false;true;false;;false;false;true;false;
MethodNowAbstractTest_default_now_abstract_while_interface_becomes_unsealed;false;false;;false;false;true;true;;true;true;false;false;JApiCompatibilityChange{type=METHOD_NOW_ABSTRACT}, JApiCompatibilityChange{type=METHOD_ADDED_TO_PUBLIC_CLASS};true;true;false;false;method no longer default, Method now abstract, inherited method moved to class
FormalTypeParameterChangedTest_simultaneous_type_and_exec_rename_final;false;false;;false;false;true;true;;false;true;true;false;JApiCompatibilityChange{type=CLASS_GENERIC_TEMPLATE_CHANGED}, JApiCompatibilityChange{type=CLASS_GENERIC_TEMPLATE_CHANGED};false;false;true;true;
MethodReturnTypeChangedTest_array_incompatible_binary_and_source;true;true;Compiler: compiler.err.prob.found.reqLinker: Exception in thread "main" java.lang.NoSuchMethodError: 'int[] MethodReturnTypeChangedTest_array_incompatible_binary_and_source.A.m()';true;true;true;true;METHOD_RETURN_TYPE_ERASURE_CHANGED, METHOD_RETURN_TYPE_CHANGED_INCOMPATIBLE;true;true;true;true;JApiCompatibilityChange{type=METHOD_RETURN_TYPE_CHANGED};true;true;true;true;return type changed
FormalTypeParameterRemovedTest_constructor_param_removed_but_still_generic;false;true;Compiler: compiler.err.cant.apply.symbol.noargs;false;true;true;true;FORMAL_TYPE_PARAMETER_REMOVED;false;true;true;true;JApiCompatibilityChange{type=CLASS_GENERIC_TEMPLATE_CHANGED};false;true;true;true;formal type parameter removed
ClassNowAbstractTest_class_now_abstract;true;true;Compiler: compiler.err.abstract.cant.be.instantiatedLinker: Exception in thread "main" java.lang.InstantiationError: ClassNowAbstractTest_class_now_abstract.A;true;true;true;true;CLASS_NOW_ABSTRACT;true;true;true;true;JApiCompatibilityChange{type=CLASS_NOW_ABSTRACT};true;true;true;true;class now abstract
ImplicitObjectTest_concrete_object_methods_added_to_abstract_class;false;false;;false;false;true;true;;false;false;true;true;JApiCompatibilityChange{type=METHOD_ADDED_TO_PUBLIC_CLASS}, JApiCompatibilityChange{type=METHOD_ADDED_TO_PUBLIC_CLASS}, JApiCompatibilityChange{type=METHOD_ADDED_TO_PUBLIC_CLASS};false;false;true;true;inherited method moved to class, inherited method moved to class, removed annotation, inherited method moved to class
MethodNowFinalTest_method_now_final_in_final_class;false;false;;false;false;true;true;;false;false;true;true;;false;false;true;true;method in final class now final
ClassNoLongerConcretelyExtensibleTest_now_abstract_method_in_unconcretizable_class;false;false;;false;false;true;true;;true;true;false;false;JApiCompatibilityChange{type=METHOD_NOW_ABSTRACT};true;true;false;false;Method now abstract
MethodNoLongerVarargsTest_method_no_longer_varargs_first;true;true;Compiler: compiler.err.cant.apply.symbolLinker: Exception in thread "main" java.lang.NoSuchMethodError: 'void MethodNoLongerVarargsTest_method_no_longer_varargs_first.A.m(int[])';true;true;true;true;EXECUTABLE_REMOVED;true;true;true;true;JApiCompatibilityChange{type=METHOD_REMOVED}, JApiCompatibilityChange{type=METHOD_ADDED_TO_PUBLIC_CLASS};true;true;true;true;parameter type changed
FieldTypeChangedTest_type_bounded_param_added_and_used_as_direct_field_type_no_break;false;false;;false;false;true;true;;false;true;true;false;JApiCompatibilityChange{type=CLASS_GENERIC_TEMPLATE_CHANGED};false;true;true;false;element now parameterized, formal type parameter added
FieldTypeChangedTest_unboxing_binary_only;true;false;Linker: Exception in thread "main" java.lang.NoSuchFieldError: Class FieldTypeChangedTest_unboxing_binary_only.A does not have member field 'java.lang.Integer f';true;false;true;true;FIELD_TYPE_ERASURE_CHANGED;true;true;true;false;JApiCompatibilityChange{type=FIELD_TYPE_CHANGED};true;true;true;false;field type changed
MethodNowAbstractTest_implicitly_abstract_to_abstract;false;false;;false;false;true;true;;false;false;true;true;;false;false;true;true;
ClassNowCheckedExceptionTest_error_becomes_checked_exception;true;true;Compiler: compiler.err.prob.found.reqLinker: Exception in thread "main" java.lang.VerifyError: Bad return type;true;true;true;true;TYPE_SUPERTYPE_REMOVED, CLASS_NOW_CHECKED_EXCEPTION;true;true;true;true;JApiCompatibilityChange{type=SUPERCLASS_REMOVED}, JApiCompatibilityChange{type=CLASS_NOW_CHECKED_EXCEPTION};true;true;true;true;removed super class, new super class of non-final class, class now checked exception
FormalTypeParameterChangedTest_type_param_renamed_used_as_method_parameter_type;false;false;;false;false;true;true;;false;true;true;false;JApiCompatibilityChange{type=CLASS_GENERIC_TEMPLATE_CHANGED};false;false;true;true;
FormalTypeParameterRemovedTest_final_method_all_params_removed_multiple;false;false;;false;false;true;true;;false;true;true;false;JApiCompatibilityChange{type=CLASS_GENERIC_TEMPLATE_CHANGED};false;true;true;false;formal type parameter removed, formal type parameter removed
ImplicitObjectTest_concrete_object_methods_added_to_class;false;false;;false;false;true;true;;false;false;true;true;JApiCompatibilityChange{type=METHOD_ADDED_TO_PUBLIC_CLASS}, JApiCompatibilityChange{type=METHOD_ADDED_TO_PUBLIC_CLASS}, JApiCompatibilityChange{type=METHOD_ADDED_TO_PUBLIC_CLASS};false;false;true;true;inherited method moved to class, inherited method moved to class, removed annotation, inherited method moved to class
MethodNowFinalTest_method_now_final_in_subclass;true;true;Compiler: compiler.err.override.methLinker: Exception in thread "main" java.lang.IncompatibleClassChangeError: class client.MethodNowFinalTest_method_now_final_in_subclass.Main$1 overrides final method MethodNowFinalTest_method_now_final_in_subclass.B.m()V;true;true;true;true;METHOD_NOW_FINAL;true;true;true;true;JApiCompatibilityChange{type=METHOD_NOW_FINAL};true;true;true;true;method now final
FieldTypeChangedTest_type_first_param_added_and_used_as_direct_field_type_no_break;false;false;;false;false;true;true;;false;true;true;false;JApiCompatibilityChange{type=CLASS_GENERIC_TEMPLATE_CHANGED};false;true;true;false;element now parameterized, formal type parameter added
MethodNoLongerVarargsTest_method_no_longer_varargs_last;true;true;Compiler: compiler.err.cant.apply.symbolLinker: Exception in thread "main" java.lang.NoSuchMethodError: 'void MethodNoLongerVarargsTest_method_no_longer_varargs_last.A.m(java.lang.Object, int[])';true;true;true;true;EXECUTABLE_REMOVED;true;true;true;true;JApiCompatibilityChange{type=METHOD_REMOVED}, JApiCompatibilityChange{type=METHOD_ADDED_TO_PUBLIC_CLASS};true;true;true;true;parameter type changed
ClassNoLongerStaticTest_doubly_nested_class_no_longer_static;true;true;Compiler: compiler.err.encl.class.requiredLinker: Exception in thread "main" java.lang.NoSuchMethodError: ClassNoLongerStaticTest_doubly_nested_class_no_longer_static.A$B$C: method 'void <init>()' not found;true;true;true;true;CLASS_NO_LONGER_STATIC;true;true;true;true;JApiCompatibilityChange{type=CONSTRUCTOR_REMOVED};false;false;false;false;
MethodNowAbstractTest_method_becomes_abstract_in_superclass_affecting_subclass;true;true;Compiler: compiler.err.does.not.override.abstractLinker: Exception in thread "main" java.lang.AbstractMethodError: Receiver class client.MethodNowAbstractTest_method_becomes_abstract_in_superclass_affecting_subclass.Main$1 does not define or inherit an implementation of the resolved method 'abstract void m()' of abstract class MethodNowAbstractTest_method_becomes_abstract_in_superclass_affecting_subclass.A.;true;true;true;true;METHOD_NOW_ABSTRACT;true;true;true;true;JApiCompatibilityChange{type=METHOD_NOW_ABSTRACT}, JApiCompatibilityChange{type=METHOD_ADDED_TO_PUBLIC_CLASS};true;true;true;true;Method now abstract, inherited method moved to class
FormalTypeParameterChangedTest_type_param_renamed_used_as_part_of_method_parameter_type;false;false;;false;false;true;true;;false;true;true;false;JApiCompatibilityChange{type=CLASS_GENERIC_TEMPLATE_CHANGED};false;false;true;true;
ClassNowCheckedExceptionTest_exception_becomes_error;true;true;Compiler: compiler.err.prob.found.reqLinker: Exception in thread "main" java.lang.VerifyError: Bad return type;true;true;true;true;TYPE_SUPERTYPE_REMOVED;true;true;true;true;JApiCompatibilityChange{type=SUPERCLASS_REMOVED};true;true;true;true;removed super class, new super class of non-final class
FieldTypeChangedTest_unrelated_type_parameters_source_only;false;true;Compiler: compiler.err.prob.found.req;false;true;true;true;FIELD_TYPE_CHANGED_INCOMPATIBLE;false;false;true;false;;false;false;true;false;
FormalTypeParameterRemovedTest_final_method_all_params_removed_one;false;false;;false;false;true;true;;false;true;true;false;JApiCompatibilityChange{type=CLASS_GENERIC_TEMPLATE_CHANGED};false;true;true;false;formal type parameter removed
MethodNowFinalTest_method_now_in_final_context_class;false;false;;false;false;true;true;;false;false;true;true;JApiCompatibilityChange{type=METHOD_ADDED_TO_PUBLIC_CLASS};false;false;true;true;inherited method moved to class
MethodNoLongerVarargsTest_method_overloaded_varargs;false;false;;false;false;true;true;;false;false;true;true;;false;false;true;true;
FieldTypeChangedTest_type_first_param_added_and_used_as_nested_field_type_no_break;false;false;;false;false;true;true;;false;true;true;false;JApiCompatibilityChange{type=FIELD_GENERICS_CHANGED}, JApiCompatibilityChange{type=CLASS_GENERIC_TEMPLATE_CHANGED};false;true;true;false;element now parameterized, formal type parameter added
MethodNowAbstractTest_method_now_abstract;true;true;Compiler: compiler.err.does.not.override.abstractLinker: Exception in thread "main" java.lang.AbstractMethodError: Receiver class client.MethodNowAbstractTest_method_now_abstract.Main$1 does not define or inherit an implementation of the resolved method 'abstract void m()' of abstract class MethodNowAbstractTest_method_now_abstract.A.;true;true;true;true;METHOD_NOW_ABSTRACT;true;true;true;true;JApiCompatibilityChange{type=METHOD_NOW_ABSTRACT};true;true;true;true;Method now abstract
FormalTypeParameterAddedTest_class_bounded_param_added_to_non_generic;false;false;;false;false;true;true;;false;true;true;false;JApiCompatibilityChange{type=CLASS_GENERIC_TEMPLATE_CHANGED};false;true;true;false;element now parameterized, formal type parameter added
FormalTypeParameterChangedTest_unchanged_type_params_bounds;false;false;;false;false;true;true;;false;false;true;true;;false;false;true;true;
ClassNowCheckedExceptionTest_exception_becomes_throwable;true;true;Compiler: compiler.err.prob.found.reqLinker: Exception in thread "main" java.lang.VerifyError: Bad return type;true;true;true;true;TYPE_SUPERTYPE_REMOVED;true;true;true;true;JApiCompatibilityChange{type=SUPERCLASS_REMOVED};true;true;true;true;removed super class
FormalTypeParameterRemovedTest_final_method_param_removed_but_still_generic;false;true;Compiler: compiler.err.cant.apply.symbol.noargs;false;true;true;true;FORMAL_TYPE_PARAMETER_REMOVED;false;true;true;true;JApiCompatibilityChange{type=CLASS_GENERIC_TEMPLATE_CHANGED};false;true;true;true;formal type parameter removed
MethodNowAbstractTest_abstract_class_implements_interface_method_as_abstract;true;true;Compiler: compiler.err.does.not.override.abstractLinker: Exception in thread "main" java.lang.AbstractMethodError: Receiver class client.MethodNowAbstractTest_abstract_class_implements_interface_method_as_abstract.Main$1 does not define or inherit an implementation of the resolved method 'abstract void m()' of abstract class MethodNowAbstractTest_abstract_class_implements_interface_method_as_abstract.A.;true;true;true;true;METHOD_NOW_ABSTRACT;true;true;true;true;JApiCompatibilityChange{type=METHOD_NOW_ABSTRACT};true;true;true;true;Method now abstract
FieldTypeChangedTest_type_formal_type_parameter_renamed_direct_field_type_no_break;false;false;;false;false;true;true;;false;true;true;false;JApiCompatibilityChange{type=CLASS_GENERIC_TEMPLATE_CHANGED};false;false;true;true;
MethodNowFinalTest_method_now_in_final_context_interface;false;false;;false;false;true;true;;false;false;true;true;JApiCompatibilityChange{type=METHOD_ADDED_TO_PUBLIC_CLASS};false;false;true;true;inherited method moved to class
FormalTypeParameterRemovedTest_class_first_param_removed;false;true;Compiler: compiler.err.type.doesnt.take.params;false;true;true;true;FORMAL_TYPE_PARAMETER_REMOVED;false;true;true;true;JApiCompatibilityChange{type=CLASS_GENERIC_TEMPLATE_CHANGED};false;true;true;true;formal type parameter removed
MethodNowAbstractTest_super_concrete_method_becomes_abstract_explicit;true;true;Compiler: compiler.err.does.not.override.abstractLinker: Exception in thread "main" java.lang.AbstractMethodError: Receiver class client.MethodNowAbstractTest_super_concrete_method_becomes_abstract_explicit.Main$1 does not define or inherit an implementation of the resolved method 'abstract void m()' of abstract class MethodNowAbstractTest_super_concrete_method_becomes_abstract_explicit.B.;true;true;true;true;METHOD_NOW_ABSTRACT;true;true;true;true;JApiCompatibilityChange{type=METHOD_NOW_ABSTRACT};true;true;true;true;Method now abstract
FormalTypeParameterAddedTest_class_first_param_added;false;false;;false;false;true;true;;false;true;true;false;JApiCompatibilityChange{type=CLASS_GENERIC_TEMPLATE_CHANGED};false;true;true;false;element now parameterized, formal type parameter added
ClassNowCheckedExceptionTest_specific_exception_becomes_generic;true;true;Compiler: compiler.err.prob.found.reqLinker: Exception in thread "main" java.lang.VerifyError: Bad return type;true;true;true;true;TYPE_SUPERTYPE_REMOVED;true;true;true;true;JApiCompatibilityChange{type=SUPERCLASS_REMOVED}, JApiCompatibilityChange{type=CLASS_NOW_CHECKED_EXCEPTION};true;true;true;true;removed super class
FormalTypeParameterRemovedTest_method_first_param_removed;false;false;;false;true;true;false;FORMAL_TYPE_PARAMETER_REMOVED;false;true;true;false;JApiCompatibilityChange{type=CLASS_GENERIC_TEMPLATE_CHANGED};false;true;true;false;formal type parameter removed
